id,name,country
1,David Robinson,suffer
2,Marilyn Ryan,future
3,Douglas Dean,itself
4,Curtis Rose,price
5,Aaron Black,attorney
6,William Delacruz,write
7,Christopher Williams,result
8,Steven Scott,or
9,Nicole Chavez,scene
10,Anthony Parker,pull
11,Zachary Freeman,front
12,Joan Morse,election
13,Carrie Martin,treat
14,Katherine Jones,design
15,Charles Murray,treatment
16,Lindsay Perkins,economy
17,Amy Rodriguez,artist
18,Tommy Chavez,where
19,Andrea Williams,size
20,William Williams,prevent
21,Kevin Shaw,better
22,Lisa Gomez,mission
23,Jeffrey Eaton,short
24,Molly Ryan,major
25,Robert Brown,billion
26,Christopher Turner,down
27,Daniel Thompson,fact
28,Dawn Schwartz,like
29,Justin Rocha,themselves
30,Robert Wang,into
31,Edward Jenkins,six
32,Donald Gutierrez,seven
33,Krystal Pennington,thing
34,Angie Flores DDS,personal
35,Leslie Smith,former
36,James Shaw,government
37,Kimberly Adams,sing
38,Carrie Blankenship,sea
39,Shannon Wilcox,make
40,Devin Oliver,grow
41,Linda Collins,some
42,Nicholas Spencer,natural
43,Joseph Gates,process
44,Cameron Howard,book
45,Anne Avila,nation
46,Angela Ballard,under
47,Gary Reed,realize
48,Jason Santos,party
49,Matthew Harris,child
50,Grace Pacheco,note
51,Matthew Decker,create
52,Marie Sullivan,go
53,Brandi Levine,imagine
54,Michelle Sanders,standard
55,Kelly Peterson,first
56,Jacqueline Howell,wear
57,Jessica Thomas,course
58,Anthony Riley,better
59,Cole Sullivan,long
60,Crystal Holmes,approach
61,Billy Bowers,whose
62,Stefanie Whitaker,star
63,William Campbell,others
64,Daniel Stevens,information
65,Gabriel Smith,against
66,John Madden,possible
67,Barry Meyer,your
68,Angela Perez,concern
69,Hannah Pierce,value
70,Johnathan Nguyen,eat
71,Danielle Taylor,think
72,Robert Patel,range
73,Willie Nelson,table
74,Diane Ruiz,enter
75,Dr. Paul Braun DDS,administration
76,Gina Bennett,magazine
77,Christopher Stokes,development
78,Stephen Perry,learn
79,Stephanie Howard,nature
80,Anna Brown,sell
81,Derrick Lewis,market
82,Dr. Angela Cooper,much
83,Bridget Macdonald,social
84,Kyle Valdez,sing
85,Heidi Knox,I
86,Sabrina Gonzalez,any
87,Juan Jackson,prevent
88,Amy Allen,as
89,Pamela White,actually
90,Alan Murphy,candidate
91,Rebecca Roth,quickly
92,Regina Nelson,read
93,Shannon King,PM
94,Zachary Clark,practice
95,Shawn Johnson,stuff
96,Daniel Powell,air
97,Rebecca Johnson,thus
98,Jenny Martin,song
99,Amy Carpenter,design
100,Megan Johnson,age
101,Anthony Lewis,show
102,John Adams,structure
103,Kristi Jackson,including
104,Manuel Martin,buy
105,Timothy Huerta,work
106,Melanie Whitehead,center
107,Pamela Wells,compare
108,David Tate,we
109,Ann Nelson,sure
110,Adam Tran,health
111,Mr. Michael Savage,provide
112,Kirsten Cruz,short
113,Grace Adams,drop
114,Carrie Rodriguez,leg
115,Gary Maxwell,operation
116,Paige Erickson,involve
117,Sara Haas,him
118,Jennifer Walter,new
119,Kathryn Clayton,either
120,Erica Thompson,alone
121,Sarah Cooper,single
122,Sharon Thompson,nature
123,Shelby Mayo,nor
124,Sandra Mcgee,around
125,Susan Harris,arm
126,Nicholas Wilson,traditional
127,Sarah Kennedy,lay
128,Kelsey Patrick,customer
129,Megan Brown,back
130,Dakota Reed,author
131,Daniel Hawkins,art
132,Chad Gonzalez,relationship
133,Jason Browning,song
134,Melissa Marshall,in
135,Betty Miller,idea
136,Pamela Jones,film
137,Jamie Williams,article
138,Raymond Davis,campaign
139,Tyler Smith,sound
140,Wesley Blankenship,most
141,Heather Brown,exist
142,Katelyn Yates,vote
143,Raymond Curtis,the
144,Cynthia Myers,draw
145,Dr. Thomas Padilla,star
146,Lorraine Buck,life
147,Kenneth Mcdonald,capital
148,Brenda Hooper,green
149,Michelle Fisher,room
150,Audrey Kirby,heavy
151,Janet Noble,quickly
152,Kristen Nichols,world
153,Jamie Buckley,trial
154,Ariana Jacobs,vote
155,Charles Abbott,chair
156,Raymond Ramirez,quickly
157,Jesse Jordan,through
158,Richard Wilson,always
159,Susan Goodman,eat
160,Stephanie Fritz,fast
161,Gregory Brown,method
162,Mrs. Joann Obrien,its
163,Nathaniel Arnold,worry
164,Susan Lopez,senior
165,Alexander Mendez,smile
166,William Adams,end
167,Kelly Williams,begin
168,Peggy Evans,white
169,Carlos Gomez,study
170,Dr. Theresa Butler,anything
171,Benjamin Murphy,and
172,Paul Perez,my
173,Cameron Jensen,measure
174,Mark Clark,south
175,Ronald Butler,quickly
176,Corey Bernard,our
177,Breanna Jennings,on
178,James Best,break
179,Tony Escobar,animal
180,Omar Bass,not
181,Chad Carter,actually
182,Courtney Brady,whose
183,Ian Carter,town
184,Krystal Ramos,deep
185,Rebecca Clark,less
186,Miss Janet Flores,low
187,Jeremy Salazar,first
188,Teresa Garcia,expert
189,Evan Copeland,win
190,Wanda Powell,whom
191,Anthony Munoz,claim
192,Brianna Hickman,strategy
193,Angel Anderson,race
194,Marissa Nichols,approach
195,Charlotte Sanders,team
196,Maurice Rodriguez,involve
197,Andrea Boyer,item
198,John Griffith,data
199,Matthew Long,believe
200,Angelica Williams,stage
