id,name,parent_category_id
1,Ryan Wright,nor
2,Wesley Washington,pass
3,William Rose,accept
4,Kristina Thomas,mother
5,Ann Ward,him
6,Matthew Kelley DDS,particular
7,Johnathan Williams,conference
8,Ronald Wallace MD,board
9,Kimberly Conway,left
10,James Vasquez,born
11,William Hernandez,opportunity
12,Nancy Brown,sit
13,Juan Martinez,edge
14,Sarah Vasquez,beyond
15,Kristin Clayton,edge
16,Hannah Wilson,table
17,Christina Cannon,media
18,Jennifer Fleming,house
19,Austin Smith,grow
20,Natasha Tucker,most
21,Brian Orr,possible
22,Christina Gonzalez,keep
23,Jacob Humphrey,ago
24,Jose Coleman,growth
25,John Morales,collection
26,Kenneth King,hold
27,Cassandra Johnson,Congress
28,Stanley Singleton,war
29,Jessica Wolf,claim
30,Keith Olsen,trip
31,April Harris,defense
32,Brandy Smith,rather
33,Alice Wood,direction
34,Kristina Mckinney,attack
35,Christine Clarke,nearly
36,Bradley Davis,story
37,Joshua Roberts,voice
38,Nicole Hart,course
39,Brent Carr,bag
40,Lisa Todd MD,charge
41,Carolyn Anderson,establish
42,Danielle Dorsey,style
43,Jason Gallagher,type
44,Daniel Galloway,say
45,Michael Solomon,letter
46,Samantha Dean,kid
47,Christian Burns,cultural
48,Leslie Stafford,lay
49,William Hughes,oil
50,Matthew Hall,design
51,Dawn Howard,figure
52,Mark Valenzuela,music
53,Bridget Johnson,control
54,Marie Drake,walk
55,Teresa Monroe,never
56,Sherry Love,thought
57,Michelle Smith,part
58,Jacqueline Garcia,clear
59,Deborah Stewart,much
60,Patricia Hays,represent
61,Shannon Drake,maintain
62,Mr. Luis Anderson,team
63,Robert West,five
64,Cynthia Welch,memory
65,Samuel Peterson,Mrs
66,Crystal Brown,join
67,Sarah Fowler,avoid
68,Michelle Cardenas DDS,federal
69,Michael Pena,attorney
70,Doris Burnett,expert
71,Haley Howard,discover
72,Tony Lewis,big
73,Russell Mcpherson,machine
74,Tina Day,executive
75,James Pruitt,government
76,Jacqueline Clark PhD,power
77,Maria Davis,and
78,Warren Blake,as
79,Anthony Johnson,treatment
80,Michael Henry,remember
81,Shelly Hooper,ask
82,Rita Murray,analysis
83,Jonathan Reynolds,statement
84,Karen Villa,news
85,Tammy Lewis,music
86,Julie Jones,professional
87,Andrea Jones,add
88,Luis Jackson,firm
89,Dr. Crystal Maynard PhD,up
90,William Smith,theory
91,Jenna Turner,team
92,Gregory Romero,operation
93,Angel Crawford,form
94,Brittney Mcdonald,would
95,Michael Tucker,official
96,Jeanette Pham,something
97,Jonathan Taylor,leave
98,Karen Cortez,inside
99,Terry Reyes,over
100,David Leach,time
101,Brian Miller,place
102,Michael Moore,guess
103,Mark Hughes,become
104,Robert Morris,off
105,Alejandro Pennington,old
106,Sandra Moore,rock
107,Greg Bender,seem
108,Jack Baker,nothing
109,Charles Williamson,job
110,Karen Johnson,campaign
111,Dr. Ashley Perry DDS,of
112,Stephanie Martin,tough
113,Stephen Perry,practice
114,Gabriel White,lot
115,David Cox,wish
116,Barbara Rivers,Mrs
117,Andrea Griffith,star
118,Thomas White,bag
119,Samuel Phillips,when
120,Garrett Small,store
121,Austin Hancock,charge
122,Rebecca Odonnell,prepare
123,Kyle Holden,activity
124,Christian Harrison,act
125,Jacob Williams,Mrs
126,Oscar Simmons,between
127,Angela Johnson,determine
128,Brent Sanders,every
129,Andrea Wade,view
130,Michael Garcia,upon
131,Mr. Matthew Moss,visit
132,Matthew Barnett,crime
133,Nicole Cook,management
134,James Valenzuela,personal
135,Kristina Cisneros,especially
136,Jeffrey Evans,show
137,Michele Cox,green
138,Brittany Adams,attorney
139,Debra Reilly,exist
140,Catherine Pacheco,add
141,Juan Casey,lot
142,Brian Sanford,wonder
143,Alicia Thompson,piece
144,Joanne Gibson,trial
145,Blake Bryant,some
146,Stephen Lawson DDS,seat
147,Erica Lynn,whose
148,Andrea Ewing,plant
149,Theresa Moore,program
150,Elizabeth Ramirez,myself
151,Vanessa Chapman,particularly
152,Megan Chan,strong
153,Dr. Cathy Cook,require
154,Kevin Chapman,book
155,Lisa Santiago,mouth
156,Alicia Fleming,couple
157,David Bates,want
158,Crystal Phillips,summer
159,Charles Olson,raise
160,Stephanie Shaw,include
161,Dawn Bennett,music
162,Raymond Keller,minute
163,Christina Wiley,last
164,Laura Oconnell,organization
165,Edward Williams,big
166,Robert Bennett,east
167,Roger Marshall,may
168,Philip Walker,light
169,Erin Jackson,compare
170,April Murray,arm
171,Jordan Swanson,arrive
172,Hannah Delacruz,area
173,Michael Peck,century
174,Michael Burns,sea
175,Melanie Allen,into
176,Dorothy Espinoza,later
177,Michael Smith,toward
178,Amy Evans,town
179,Jessica Mcbride,finally
180,April Pena,teach
181,Joseph Moore,gun
182,Gina Christensen,knowledge
183,Chelsea Butler,quality
184,David Morris,air
185,Jacob Scott,discussion
186,Debra Davis,discussion
187,Erik Nguyen,contain
188,Carrie Nguyen,responsibility
189,Anna Phillips,fund
190,Charles Hanna,always
191,Christopher Lindsey,candidate
192,Joseph Guzman,sea
193,Thomas Mccoy,performance
194,Matthew Allen MD,hundred
195,Tyler Taylor,tax
196,Charles Wheeler,step
197,Jeanne Patterson,appear
198,Meghan Johnson,challenge
199,Jacqueline Ellis,yourself
200,Carol Whitney,face
