id,question,answer
1,black,business
2,arm,practice
3,focus,Democrat
4,PM,speech
5,agent,dog
6,data,born
7,today,spring
8,beat,worker
9,attention,hundred
10,rise,way
11,political,history
12,involve,nor
13,tell,role
14,camera,later
15,sure,degree
16,player,painting
17,woman,citizen
18,close,now
19,yard,future
20,option,stage
21,back,heart
22,easy,effort
23,compare,herself
24,some,morning
25,member,protect
26,campaign,network
27,challenge,every
28,grow,base
29,deep,happen
30,develop,up
31,happen,or
32,end,respond
33,organization,step
34,only,they
35,push,cell
36,to,upon
37,medical,change
38,include,section
39,station,too
40,paper,serve
41,plan,deal
42,agree,rich
43,always,result
44,unit,job
45,save,Mr
46,couple,these
47,people,season
48,speak,event
49,former,those
50,Congress,total
51,human,machine
52,detail,reach
53,catch,all
54,more,ask
55,respond,president
56,beyond,light
57,carry,action
58,perhaps,industry
59,practice,eye
60,police,action
61,option,decide
62,ball,civil
63,herself,head
64,establish,team
65,take,large
66,letter,maybe
67,trial,city
68,require,suddenly
69,its,forget
70,field,oil
71,job,short
72,face,least
73,conference,child
74,list,left
75,part,partner
76,simple,discover
77,draw,entire
78,wall,remember
79,can,air
80,project,ago
81,professor,we
82,somebody,scene
83,thing,cell
84,spring,sign
85,will,key
86,mouth,listen
87,enough,single
88,book,worry
89,major,nor
90,you,sit
91,start,pressure
92,sometimes,hear
93,remain,discussion
94,enough,school
95,year,far
96,about,south
97,offer,yeah
98,record,whom
99,view,national
100,positive,tough
101,this,indicate
102,need,these
103,teacher,ok
104,sense,enter
105,popular,fish
106,walk,next
107,up,here
108,after,nothing
109,area,staff
110,should,will
111,build,technology
112,again,some
113,buy,democratic
114,three,million
115,activity,magazine
116,rest,teach
117,weight,notice
118,science,human
119,change,two
120,number,I
121,central,do
122,news,line
123,name,list
124,choice,degree
125,but,interview
126,whether,none
127,would,prepare
128,central,money
129,table,property
130,education,chair
131,walk,talk
132,president,party
133,himself,easy
134,dream,training
135,I,skin
136,billion,try
137,open,discover
138,method,gun
139,ability,view
140,program,often
141,near,trip
142,compare,red
143,board,marriage
144,more,foot
145,Congress,drop
146,my,true
147,product,really
148,poor,sense
149,fear,sort
150,when,us
151,security,me
152,relationship,economy
153,out,require
154,on,soon
155,building,before
156,time,very
157,continue,this
158,talk,military
159,paper,model
160,lawyer,black
161,feel,wall
162,of,pass
163,section,later
164,hospital,hit
165,include,couple
166,away,face
167,capital,herself
168,contain,water
169,risk,style
170,stuff,own
171,particularly,make
172,scientist,page
173,professor,similar
174,expert,official
175,picture,image
176,agree,citizen
177,everything,use
178,herself,a
179,kitchen,several
180,nothing,trial
181,significant,old
182,many,her
183,want,develop
184,team,owner
185,value,window
186,this,scientist
187,discuss,science
188,go,south
189,then,popular
190,various,consider
191,father,where
192,stand,executive
193,appear,large
194,raise,tree
195,a,various
196,customer,week
197,fact,ten
198,open,treat
199,moment,finally
200,west,consider
