id,user_id,message,submitted_at
1,wish,Floor half response so.,training
2,teach,Down full story matter.,to
3,so,Positive wish game major perhaps.,mission
4,director,Art if believe national data lot walk.,other
5,pressure,Relate finally despite treat.,fund
6,water,Else idea write reach.,rate
7,medical,Particular several billion.,remain
8,training,Democrat draw him fish investment.,behind
9,difference,Ready magazine anyone performance could history none east.,song
10,much,Research build protect deal why produce human.,hand
11,talk,Father central field what until anything.,score
12,enough,Arm sea reach research.,less
13,culture,Glass seek scientist individual report day.,trouble
14,fact,Oil receive face Mr.,attorney
15,get,Buy quality might after president.,increase
16,claim,Parent particular sure certain enter.,interest
17,hit,Maintain score company team.,where
18,north,Everything act truth skin family up.,however
19,near,Seat eight available role.,degree
20,foot,Deal also American ability everyone stuff.,mother
21,near,Rock defense stay natural determine indicate single.,young
22,play,Effect compare same.,official
23,floor,Practice huge really store.,future
24,build,Box too north window since benefit physical.,I
25,report,Former tell right participant management technology cold.,ready
26,season,Prove best positive feeling.,and
27,main,Indicate again agent friend develop relationship.,ago
28,bit,Common political method direction keep.,without
29,note,Box century look positive minute institution.,party
30,kitchen,Medical social manage four.,recent
31,skill,Loss various buy.,itself
32,song,Another recent know size your believe certain factor.,operation
33,activity,Feel those realize point the court tax bad.,generation
34,including,Then top production chance.,because
35,food,Later pretty board.,do
36,I,Prevent outside stock light.,boy
37,century,Start catch require wide.,close
38,group,Stage foot sure again tax together change.,word
39,determine,Listen during production case performance special.,social
40,call,Street present ability news.,education
41,strategy,Question model analysis again energy.,far
42,us,Song create common main.,although
43,firm,Line product some central trip without performance.,see
44,middle,Mouth customer style figure.,possible
45,head,Follow special despite medical.,close
46,scientist,Cause seat space answer country age maintain.,apply
47,anything,Reveal before significant fight technology scene center.,decision
48,per,Consumer company key of future.,mind
49,major,Major their join charge personal local TV.,official
50,keep,Forward something serve white.,stuff
51,into,Even population physical successful.,trouble
52,our,Artist year on finally until.,buy
53,himself,This right couple name road could thus role.,song
54,environmental,Page sport score prepare page.,picture
55,ahead,Develop item a market magazine official.,information
56,nor,Product street only rich thus weight carry.,civil
57,opportunity,Fund he music.,age
58,treatment,As baby evening improve.,now
59,it,Newspaper president close but.,think
60,action,Blood soon citizen design money.,mission
61,fund,Wait to movement avoid office.,material
62,population,If draw leader up those leave.,store
63,form,Dinner play attack time level.,relationship
64,food,To time stage remain job baby.,art
65,person,Morning mention level painting.,place
66,consider,Move power behavior despite guess look.,four
67,mention,On do relate onto significant explain.,defense
68,risk,Image old mother federal.,region
69,popular,Sort run wind move son.,father
70,free,Kitchen also home one school middle.,time
71,of,People responsibility claim outside.,Mr
72,thing,Of response take first real grow happy soon.,region
73,after,These technology mind head begin body.,around
74,according,Evidence court watch hair.,opportunity
75,above,Region nation keep join almost suffer benefit.,natural
76,surface,Marriage book democratic.,eye
77,television,New soldier nor loss yes main get.,culture
78,herself,Civil indicate former exactly.,community
79,space,Size five defense foreign air owner right.,difference
80,choice,Week later stock new show.,Democrat
81,billion,Catch authority note.,water
82,ok,Bag mouth film on.,never
83,especially,Reflect else money crime.,production
84,store,Center computer something rather various wall vote.,protect
85,total,Country right million town hot heavy.,stuff
86,cup,Medical popular recent foreign.,story
87,hair,Step water fish worry pull hope.,agent
88,set,Check idea well whom training record.,clear
89,various,By now from serious actually.,feeling
90,sense,Those war never stage rock house accept.,table
91,dark,Prevent market however.,administration
92,assume,Different fine significant that.,student
93,green,Scientist huge score recognize.,physical
94,say,Specific cold model.,current
95,modern,Near carry might trip production.,represent
96,them,Seem if speak a area owner can.,rock
97,admit,More difficult alone something ready available suddenly.,character
98,we,Someone concern floor firm.,upon
99,magazine,White personal same send treat.,among
100,sometimes,Section quite lawyer plan adult the above.,radio
101,yet,Important truth report Mr large.,really
102,if,Against reach two cup however game carry.,center
103,garden,Fact series long often report dream.,hospital
104,own,May nation attack.,attorney
105,field,Half source test.,season
106,claim,Test interview main.,explain
107,fund,Certainly first fly read step claim.,article
108,rock,Pick rather stay despite but before green nice.,instead
109,still,Deep interesting physical popular position.,skill
110,society,Believe trip both.,possible
111,hear,Heart since hotel someone.,buy
112,improve,Black image attack.,tell
113,newspaper,Exactly imagine occur decision.,attorney
114,war,Fund idea resource provide.,really
115,want,Current film hot factor Democrat.,catch
116,get,We keep letter rich although.,entire
117,mouth,Tree recent talk likely level I.,peace
118,push,Manage chance property strong magazine under.,south
119,against,Old yeah tough join.,color
120,book,Add book through picture however.,live
121,allow,Meet suddenly reflect section free.,environmental
122,drive,Politics board again work.,message
123,major,Event whether general hotel lead travel stand true.,could
124,attention,Without table method meet size defense nation.,role
125,collection,Deep reduce suggest bring usually everyone.,development
126,heart,Paper field ready which.,onto
127,different,Sing range throughout bed bag follow write.,foreign
128,ok,Accept marriage lot discuss child.,seat
129,first,Career protect yeah bag policy Mr carry.,result
130,sort,Personal us test mission pretty court.,together
131,happen,Against door rather its believe.,himself
132,investment,Yeah sea sense behavior rate weight.,value
133,attorney,Gun he behind everyone white.,leader
134,pass,Dream believe simply traditional whom draw democratic pick.,charge
135,ahead,Beautiful call feeling close economy level.,region
136,carry,Every in fire campaign whatever.,I
137,build,Ability feeling close return firm myself.,pressure
138,whatever,These choice even American various realize better.,join
139,through,State kitchen American first.,maybe
140,whether,How charge dream state.,during
141,Mrs,Soldier affect one attorney three often thing.,area
142,writer,Pick choice wife.,before
143,fish,Fire leave result hair order effect mother.,dinner
144,check,Bag of son vote each reach fact.,summer
145,provide,Human according exist child career million eye herself.,above
146,enter,Current magazine show thousand policy student.,society
147,inside,Democratic and charge day happy series which.,not
148,moment,Dinner item choice break woman record.,ball
149,official,Position which office person.,source
150,bag,Throughout miss account.,receive
151,direction,Effect responsibility offer movement.,remain
152,a,Agent condition lot decade.,avoid
153,cut,Check half meet now.,impact
154,imagine,Standard skill clear heart build.,whom
155,another,Place peace whom play cell travel possible.,enough
156,remember,Read partner win worry rest effort wrong.,prepare
157,both,Remember pay organization significant imagine after.,three
158,ready,Really service why sing field mother take.,since
159,into,Effect third raise leg stay possible trade.,difference
160,training,Everything cause go.,parent
161,happen,In strategy situation have.,up
162,yard,Rest decision get certainly onto fight.,hotel
163,somebody,Body hotel my seek fight minute approach population.,no
164,site,More data magazine figure mean.,go
165,kind,Technology sense center appear bed decision still.,suggest
166,point,Point expect a.,million
167,source,Boy western join someone.,course
168,must,Really fact culture cell player shoulder dog.,edge
169,two,More science paper under.,idea
170,enjoy,Know box more recently but different administration.,hit
171,usually,Be describe boy shoulder.,accept
172,man,Would these itself any shake.,anything
173,usually,Memory red be picture expert.,once
174,news,Argue so national girl purpose outside size.,all
175,record,Each step article part.,sit
176,firm,Very nearly leave for unit economic.,evidence
177,them,Relate build off last together employee.,wear
178,agency,Paper cost full.,him
179,region,Mean next prove wall great stand.,simply
180,will,Beat rich know which final work.,level
181,believe,Through recognize cup possible appear provide make visit.,site
182,result,Up decide class impact environment trouble.,land
183,short,Order student alone either even physical structure.,perhaps
184,speak,Simply design through direction play my page.,thousand
185,where,High some sometimes manager prove.,drop
186,head,Source work prevent wrong share bag sing.,interesting
187,majority,Might design different rule.,beyond
188,system,Born production strategy cover.,recognize
189,choose,There behavior west heavy east present grow.,tree
190,ahead,Worker list note find pass yourself.,attorney
191,almost,Relationship choose including foot their.,sense
192,skin,Throughout own we all herself travel son.,wide
193,fear,Apply night we inside wide.,these
194,budget,Last space join response likely receive scene month.,while
195,listen,Care find third game value one three.,game
196,but,East research couple travel.,if
197,like,System this high clearly event throughout yard face.,research
198,idea,Single morning able common myself.,care
199,top,Mind north else act.,establish
200,focus,Time type teach benefit.,one
