id,latitude,longitude,location_name
1,citizen,what,Heidi Flores
2,challenge,book,Robert Flores
3,item,standard,Luis Nguyen
4,artist,meet,Phillip Dunn
5,throw,base,Katherine Hale
6,process,foreign,Abigail Martinez
7,situation,establish,Morgan Abbott
8,together,name,James Krause
9,do,large,Leslie Welch
10,hard,probably,Tiffany Taylor
11,example,too,David Gregory
12,world,available,Sabrina Mcdowell
13,will,develop,Logan Jones
14,side,camera,Brian Johnson
15,continue,town,Lisa Williams
16,story,score,Roberta Daniels
17,it,director,Samuel Swanson
18,for,ground,Jose Tanner
19,especially,reality,Martha Turner
20,commercial,same,Lisa Martin
21,stop,activity,Benjamin Lloyd
22,page,whose,Sharon Franco
23,billion,why,Elaine Dodson
24,since,happen,Sandra Lane
25,watch,fill,Raymond Hall
26,now,perform,Nathan Torres
27,lay,recently,Nicholas Garcia
28,administration,under,Michael Lang
29,space,probably,Mr. Kenneth Rodriguez
30,Mrs,technology,Raymond Young
31,standard,close,Jose Parker
32,page,send,Jennifer Adams
33,traditional,soon,Kyle Mora
34,official,society,Julie Martinez
35,choose,style,Joshua Shaffer
36,feel,organization,Carrie Jimenez
37,instead,government,Laura Woodard
38,key,successful,Laura Jones
39,reach,rule,Linda Moon
40,billion,lot,Linda Thornton
41,series,history,Terry Jefferson
42,program,foot,Ryan Singleton
43,this,face,Christopher Reynolds
44,often,water,Troy Lopez
45,standard,have,Cindy Chan
46,military,accept,Anthony Acosta
47,organization,music,Sean Velasquez
48,phone,among,Michael Daniels
49,building,case,Deborah Morales
50,day,entire,Amanda Delgado
51,thousand,general,Misty Jennings
52,along,example,Johnny Hood
53,deep,able,Melinda Hill
54,her,behind,Jeffrey Campbell
55,painting,yeah,Tanya Padilla
56,force,see,Hannah Ramirez
57,cold,sister,Wesley Huynh
58,during,expect,Scott Johnson
59,however,least,Mary Simon
60,when,production,Justin Grant
61,artist,student,Brandon Ward
62,understand,meet,Tyler Moreno
63,look,parent,Joseph Martinez
64,water,industry,Chad Rodriguez
65,one,yet,Mark Franco
66,baby,exist,Michelle Patton
67,window,together,Gina Garcia
68,four,throw,Katie Richardson
69,forward,expect,Alexis Mcmahon
70,manager,environmental,Alexander Ellis
71,bring,yard,Ryan Goodwin
72,since,enjoy,John Smith
73,environment,care,Zachary Fleming
74,however,manager,Noah Alexander
75,outside,discuss,Cody Smith
76,draw,surface,Antonio Johnson
77,happen,fast,Stephen Marquez
78,study,walk,Patricia Miller
79,account,suddenly,Sarah Dorsey
80,yourself,environment,Jennifer Armstrong
81,result,deal,Elizabeth Garrett
82,set,value,Christine Rice
83,trial,job,Barbara Lucero
84,born,go,Vincent Rivers
85,gas,work,Timothy Torres
86,know,minute,Steven Cooper
87,when,write,Ryan Perry
88,travel,reflect,Michael Lopez
89,trouble,American,Kelly Jacobs
90,ten,Republican,James Lyons
91,mouth,great,Kim Reed
92,deal,arm,Hannah Perez
93,cut,bill,Victoria Reilly
94,method,control,Alex Porter
95,worry,according,Diane Henderson
96,agency,politics,David Hinton
97,affect,growth,Anthony Garcia
98,treat,history,Taylor Perez
99,attention,full,Tanya Johnson
100,oil,product,Troy Larson
101,tax,form,Jordan Green
102,design,student,Aaron Bridges
103,it,else,Danny Young
104,green,represent,Elizabeth Smith
105,when,five,Stephanie Andrews
106,science,special,Jessica Lewis
107,college,wonder,Sarah Martinez
108,already,ten,Joseph Rollins
109,training,office,Christopher Mason
110,draw,but,Roberto Martinez
111,rather,respond,Bryan Le
112,key,himself,Joseph Hernandez
113,argue,radio,Katherine Wright
114,blue,network,Bailey Walker
115,away,food,Jeffrey Sullivan
116,than,provide,Megan Sims
117,increase,small,Mark Buck
118,purpose,prove,Shirley Gonzalez
119,audience,against,Shane Riley
120,toward,most,Christine Reid
121,leave,inside,Glenn Campbell
122,movie,produce,Joseph Nelson
123,either,discussion,Michael Bowman
124,throughout,step,Tristan Spears
125,score,live,Michael Stephens MD
126,enough,red,Jessica Mccarty
127,quickly,effect,Steven Taylor
128,relate,big,Jeffrey Jenkins
129,bank,attack,James Diaz
130,consider,two,Jimmy Vazquez
131,necessary,bag,Amy Leach
132,consider,positive,Brittany Petersen
133,gun,dream,Virginia Cuevas
134,ten,when,William Andersen
135,minute,cut,Suzanne Ayala
136,past,deal,Robert Ortiz
137,room,benefit,Carlos Chavez
138,sing,bank,Thomas King
139,force,enter,Bruce Barron
140,general,your,Rebecca Long
141,natural,attention,Thomas Hansen
142,expect,message,Jennifer Williams
143,pass,recent,Kelly Wright
144,since,happen,Deborah Cruz
145,series,participant,Sarah York
146,yeah,market,Kathleen Hodges
147,painting,score,Roger Thompson
148,personal,discussion,Brenda Pruitt
149,yeah,any,Victoria Barnett
150,work,economy,Julie Herrera
151,begin,sit,Jessica King
152,budget,yard,Yvonne Thompson
153,low,reach,Denise Martin
154,than,eat,Michael Herrera
155,main,whether,Ashley Everett
156,black,future,Summer Howard
157,find,too,Jessica Stafford
158,foot,leave,Katherine Page
159,picture,finish,Samuel Todd
160,address,with,James Smith
161,approach,involve,Kiara Olson
162,million,blood,James Gordon
163,very,view,Tom Fitzpatrick
164,standard,open,Shannon Saunders
165,beyond,pass,Stephen Murphy
166,those,situation,Clayton Diaz
167,north,east,Debra Harrington
168,quality,on,Johnny Humphrey
169,activity,itself,Michael Miller
170,system,wonder,Kyle Little
171,become,factor,Joshua Keller
172,push,while,Edward Hoffman
173,century,alone,Dylan Hayes
174,win,accept,Terry Burton
175,level,option,Steven Kelly
176,whom,alone,Mario Palmer
177,strong,leg,Charles Bishop
178,really,always,Scott Stewart
179,consider,machine,Jordan Nichols
180,share,learn,Paul Hobbs
181,choose,ever,James Perez
182,age,car,Mrs. Rebecca Fischer
183,left,company,Nicholas Gould
184,hospital,way,Gabriel Foster
185,whether,last,Laura Bell
186,thing,according,Lauren Evans
187,then,wear,Stephanie Hayes
188,drive,require,Donna Berry
189,time,measure,Larry Campbell
190,effect,would,Zachary Vaughn
191,enjoy,during,Sabrina Allen
192,piece,visit,Holly Valencia
193,total,compare,William Erickson
194,cause,military,Lisa Clements
195,prove,sign,Gregory Stone
196,notice,human,Shelby Foley
197,heavy,clearly,Alexis Short
198,member,test,Erica Mcmillan
199,ball,lot,Lori Marks
200,reduce,job,Natalie Young
