id,keyword,product_id
1,last,win
2,care,worker
3,hot,concern
4,force,particular
5,school,alone
6,fall,director
7,evidence,enter
8,staff,management
9,positive,speak
10,know,month
11,lot,even
12,woman,sea
13,happy,design
14,company,skin
15,now,our
16,this,air
17,situation,partner
18,report,effect
19,fly,various
20,author,imagine
21,door,since
22,heavy,option
23,stand,citizen
24,report,other
25,near,make
26,fund,speak
27,whom,focus
28,manage,threat
29,beyond,we
30,public,animal
31,senior,matter
32,hot,factor
33,among,star
34,body,citizen
35,later,anything
36,environmental,make
37,price,garden
38,attorney,approach
39,second,watch
40,adult,report
41,finally,partner
42,director,table
43,term,issue
44,game,medical
45,staff,central
46,road,media
47,every,scene
48,key,indeed
49,happen,herself
50,hear,subject
51,plant,each
52,current,product
53,very,project
54,quite,simply
55,late,raise
56,kind,our
57,example,report
58,without,may
59,son,language
60,never,position
61,live,through
62,he,she
63,standard,key
64,your,Mrs
65,option,event
66,any,chance
67,media,push
68,face,receive
69,main,second
70,region,contain
71,why,begin
72,store,part
73,consider,often
74,star,pass
75,ok,party
76,a,threat
77,lot,stay
78,usually,throughout
79,include,term
80,night,represent
81,civil,receive
82,any,store
83,study,anything
84,quickly,decade
85,keep,site
86,bag,music
87,movie,themselves
88,role,state
89,cover,tend
90,pick,affect
91,tree,report
92,skill,economic
93,speech,nice
94,month,voice
95,real,seem
96,computer,society
97,local,key
98,me,reveal
99,style,home
100,magazine,despite
101,brother,first
102,everyone,ten
103,whom,pay
104,commercial,minute
105,more,which
106,member,decide
107,main,quite
108,because,cost
109,newspaper,matter
110,inside,around
111,let,candidate
112,home,relate
113,executive,thank
114,just,realize
115,quite,necessary
116,lawyer,believe
117,actually,executive
118,always,final
119,certainly,continue
120,recent,something
121,before,grow
122,yard,science
123,create,spring
124,look,knowledge
125,draw,stock
126,successful,always
127,quite,effect
128,town,account
129,anyone,Congress
130,marriage,test
131,rest,hear
132,get,most
133,Congress,provide
134,couple,often
135,could,student
136,significant,type
137,program,budget
138,serious,decision
139,size,international
140,national,nearly
141,organization,music
142,family,year
143,rate,answer
144,choose,opportunity
145,move,garden
146,require,myself
147,trade,customer
148,year,audience
149,real,quite
150,would,add
151,during,matter
152,nor,recognize
153,list,head
154,probably,be
155,already,forward
156,significant,question
157,team,say
158,fire,fire
159,everything,put
160,brother,apply
161,individual,movie
162,next,land
163,word,town
164,condition,reveal
165,cause,return
166,heart,lose
167,such,or
168,student,gun
169,no,expect
170,policy,today
171,will,candidate
172,level,easy
173,alone,morning
174,best,all
175,range,value
176,place,help
177,identify,member
178,green,produce
179,believe,knowledge
180,concern,hospital
181,inside,then
182,air,security
183,under,involve
184,degree,fill
185,image,interest
186,water,style
187,realize,drop
188,head,improve
189,per,option
190,what,fight
191,increase,firm
192,camera,space
193,across,chance
194,politics,court
195,voice,man
196,suggest,television
197,determine,consider
198,on,standard
199,player,despite
200,check,instead
