id,user_id,message,sent_at
1,size,Beautiful ready idea huge.,democratic
2,analysis,Foot hot direction southern various simply.,later
3,line,Include say husband fish.,lawyer
4,science,Great player ability different court eye financial.,without
5,table,Show appear everybody never for.,machine
6,fact,Like letter improve discussion.,thank
7,ready,Realize ahead new away medical we cut.,else
8,response,Cause suddenly economy measure.,court
9,green,Religious determine money daughter.,magazine
10,level,Crime image fly TV begin voice ground.,skill
11,sea,Possible deal court sort start significant.,free
12,rather,Popular my dark.,kid
13,even,Common act safe hair him.,report
14,writer,Affect during among.,positive
15,oil,Population always class into table a own.,structure
16,director,Task thought simple style mouth.,ok
17,theory,Hear from memory weight.,politics
18,green,Fish option available line position series policy.,cup
19,by,Thought happy another card school.,station
20,begin,Peace Congress why woman purpose.,night
21,say,Turn easy positive institution oil serious apply necessary.,determine
22,whatever,Almost simple position later investment mention.,lawyer
23,discover,Study building cup bag effect.,young
24,play,Clear catch let both.,scientist
25,raise,Able interview rate contain fund music.,treat
26,never,Price eight site probably close figure table pick.,foreign
27,Mr,Learn themselves physical most thank rest.,out
28,network,Every bed and forget travel later.,doctor
29,three,Arrive full money amount arm trial receive.,interest
30,line,Let doctor yard music member change but.,dog
31,watch,Usually election mean suddenly.,news
32,per,Try number section customer.,together
33,until,Of enjoy Mr population fight.,section
34,enter,Feeling yourself all agent hand suffer product.,subject
35,hour,Different must American certainly with night turn.,security
36,style,Top after floor start idea yes society.,several
37,inside,List economic list past him.,dinner
38,specific,Central wide enjoy hope specific military your recent.,issue
39,sound,Above behavior information grow project building close.,team
40,think,Close now ready important program high morning brother.,represent
41,compare,Old alone shake item interview.,he
42,member,Any head decade animal.,raise
43,threat,Instead employee thousand.,last
44,off,Recent what well near agree general Mr.,environment
45,return,Scientist her bad produce green pull nor.,tonight
46,throughout,Sell visit maintain.,unit
47,several,Medical vote party if than candidate.,traditional
48,job,Whole couple religious edge.,number
49,save,Fall population author modern nation single crime.,necessary
50,lot,Conference fight father.,there
51,box,Industry ok majority.,similar
52,especially,Position kind ten production husband.,listen
53,source,Worker actually compare Mr take or.,again
54,these,Individual thing task town kitchen.,road
55,enjoy,Thing enough his picture guy.,perhaps
56,color,Serve institution everyone analysis do.,suddenly
57,heavy,Return president none true carry stand business.,whom
58,expect,Capital scientist quickly make recently field.,special
59,local,Memory face management agree industry walk send material.,behavior
60,simply,Arrive add once baby we six near they.,wait
61,remember,Seek various direction wear.,almost
62,six,Stuff president stock remain test.,hospital
63,somebody,Help certainly during beat.,per
64,dinner,Prevent focus moment science again front take site.,laugh
65,affect,Door popular read make.,issue
66,memory,Mrs create improve name phone already chair together.,responsibility
67,friend,It right knowledge scene myself.,one
68,fight,View break worker begin table serve course every.,general
69,character,Soon rock like at road democratic stock.,leader
70,successful,Move spend view wear western rest receive may.,stock
71,pick,Forward detail through director follow.,leg
72,day,Girl inside sort agency.,capital
73,son,Their police rule class thought billion blue son.,mind
74,along,Analysis today story pressure relationship staff real.,step
75,safe,Goal behavior money participant friend.,grow
76,show,Respond hair actually cover ok hold cell.,clear
77,blood,Artist since prove different support writer.,different
78,hand,Leg structure mother themselves require tell team.,industry
79,wait,Just bring keep many offer say ground often.,resource
80,five,Bar yet edge likely.,give
81,international,Would least people mean look society help skin.,human
82,world,Religious every where when upon now.,can
83,allow,One beautiful claim down guess candidate.,main
84,audience,Other force let move success his.,available
85,baby,Many mention stay free him crime system choice.,understand
86,responsibility,Hair benefit drug stock improve view.,commercial
87,government,Debate walk environmental television bad forward inside.,onto
88,person,Necessary difficult organization.,power
89,listen,Although project bad politics.,democratic
90,all,Generation some suddenly only arm.,all
91,choose,Station address company pull only.,stay
92,ago,Child wide thus like able job later.,story
93,record,Outside seem expect evidence company morning tree stay.,almost
94,energy,Animal price two during already find.,occur
95,address,Recent box manage from because.,and
96,give,Strong mother important I strong for station.,hour
97,language,Relationship because organization blood one box could.,either
98,heart,Less key analysis within those force lot.,himself
99,financial,Bad kid center can wish hour.,language
100,rather,Pass pick TV weight see.,focus
101,debate,Science difficult attorney help.,yourself
102,poor,Happy occur week growth.,tend
103,stuff,Political note south.,candidate
104,produce,Song lot body wear democratic attention style.,something
105,dark,Little before design Mr.,be
106,soldier,Situation painting behind prove community ask.,stage
107,young,Main coach able true third ask.,soldier
108,particularly,Firm common hard growth with thus make value.,very
109,military,Year artist group recently opportunity from own.,series
110,political,Performance debate protect each mouth.,figure
111,both,Policy pay staff instead.,own
112,bring,Grow pick when plant policy.,catch
113,experience,Public drug address able above.,point
114,money,Professional central mother scene what voice.,least
115,a,Guy wrong speak boy must debate population.,gas
116,present,Wide environmental account into level business how idea.,believe
117,price,Summer consider relationship family able cultural.,likely
118,PM,As meet talk.,instead
119,network,Interesting necessary music film foreign institution summer.,actually
120,training,Artist itself enough building against adult outside.,yard
121,peace,Debate woman education read.,tend
122,officer,Lay doctor account job along gun.,clearly
123,store,Try baby where threat rest moment summer.,special
124,especially,Woman material agent could head such.,put
125,best,Loss that suffer memory nice plan watch.,force
126,skin,Resource future less inside serve.,another
127,call,Billion star find big general.,back
128,only,You call myself agreement simple.,move
129,audience,Turn old start public foreign very.,small
130,may,Society lawyer let once happy level.,use
131,question,Instead see year collection no on within.,statement
132,civil,Especially left until from require place town.,both
133,agreement,Customer language official protect sometimes people matter.,especially
134,wonder,Director along food free meeting seek.,soon
135,rather,Claim eight sound make.,notice
136,machine,Eye matter recently dog off force break movie.,decision
137,stay,Later issue determine admit difference long.,your
138,audience,Light everything moment first determine someone decision.,power
139,piece,Bank than white brother week pick surface.,paper
140,specific,Fact population next report level.,sister
141,rather,Concern product use total successful white hospital of.,over
142,put,Room father big.,size
143,recently,Card no news party staff cover people.,purpose
144,game,Community former senior wide follow she deep listen.,avoid
145,toward,Blue energy may article.,low
146,worker,Certain Congress member course.,himself
147,blue,Available off speech experience.,floor
148,since,Month wrong as age significant pressure serve heavy.,life
149,wall,Experience important assume food dark even seven.,especially
150,police,Practice amount likely someone decade protect.,commercial
151,gun,Let plan newspaper worker for tell college.,meet
152,home,Remember everybody answer scientist yeah possible expect mission.,wait
153,arm,Agreement civil store outside.,store
154,strong,Without dark government official people.,still
155,resource,Second message within listen area green.,thank
156,heavy,Team doctor mean receive leave.,daughter
157,everybody,Floor wonder discover direction throw hit break teach.,finally
158,response,Image hot value not on their.,create
159,carry,Seek total result sign discussion color TV.,note
160,may,General then stage special including agreement alone.,he
161,series,Ever natural hotel office reduce voice.,behind
162,myself,Whom difficult our parent case whose.,open
163,help,Easy president provide heart open decade form.,ready
164,simple,Hundred tonight appear explain and.,south
165,hear,Bad of trouble tree reflect early.,parent
166,child,Book two different case job.,drive
167,call,Space record imagine simple national.,support
168,Congress,Everything top north one authority design campaign.,dog
169,between,Threat type executive oil likely mind.,model
170,parent,Back serve laugh.,president
171,response,Very light go floor will cold nor situation.,authority
172,your,Write personal size sign surface.,pay
173,Mr,Television once oil group.,large
174,tell,Positive guy south size fall send.,Mr
175,face,Pull from population big possible.,generation
176,very,Over third trouble.,Democrat
177,ahead,Spend with yard vote consider American.,public
178,week,Strong second student capital.,usually
179,friend,Ground better people set student off.,hand
180,apply,Without catch page manage prove so.,cold
181,the,Agree majority everybody attorney red relationship lead.,government
182,agency,Too Congress feel same.,standard
183,site,Meet respond nothing effect environment minute strong last.,impact
184,during,Western hand statement night including.,point
185,cultural,Particular key evening.,adult
186,reach,Style born effort another four author future.,court
187,would,Test usually relationship for.,from
188,benefit,Not show wish important remain someone.,second
189,second,Every PM test present interest.,especially
190,speak,Field design many treat remain listen pick.,view
191,author,Case probably effort why.,front
192,history,Century exactly truth year trade none staff.,today
193,foot,Attack perhaps data sort gas.,east
194,executive,Rule though opportunity participant energy concern.,well
195,player,Exist spring large Republican west rich.,above
196,four,Way tough civil.,perhaps
197,pretty,Final assume test before child attention institution.,section
198,five,Fill step five leave.,moment
199,state,Others structure rather car impact lay director.,serious
200,trip,Goal over imagine.,single
