id,order_id,status,updated_at
1,structure,inactive,2025-04-08T23:28:48
2,ready,true,2025-04-19T02:31:36
3,yourself,true,2025-06-22T07:38:23
4,size,inactive,2025-03-08T08:02:28
5,all,inactive,2025-04-10T04:10:07
6,inside,false,2025-07-01T07:47:31
7,join,false,2025-01-23T02:49:17
8,I,inactive,2025-02-15T07:57:43
9,respond,pending,2025-05-05T18:40:40
10,administration,true,2025-03-20T07:32:36
11,until,failed,2025-01-25T02:51:07
12,score,success,2025-02-07T11:36:19
13,trip,success,2025-07-21T01:21:31
14,hour,inactive,2025-04-08T01:29:06
15,chair,success,2025-03-01T17:21:35
16,term,success,2025-05-26T05:28:21
17,ever,success,2025-07-08T01:56:47
18,raise,true,2025-07-13T18:42:05
19,team,inactive,2025-01-16T05:01:04
20,person,success,2025-01-31T04:59:54
21,audience,success,2025-04-04T09:19:09
22,detail,active,2025-05-25T01:19:52
23,open,inactive,2025-05-01T16:18:13
24,keep,pending,2025-05-10T06:14:10
25,task,failed,2025-06-27T22:02:52
26,east,pending,2025-06-24T14:06:22
27,raise,success,2025-05-29T16:40:41
28,near,failed,2025-03-28T07:03:37
29,head,failed,2025-01-11T11:18:07
30,character,true,2025-06-28T04:34:31
31,ago,true,2025-06-30T22:18:18
32,thought,false,2025-07-16T03:21:48
33,lead,true,2025-06-01T15:44:58
34,down,active,2025-05-29T04:02:36
35,right,pending,2025-07-06T15:53:16
36,if,inactive,2025-06-15T10:44:21
37,discover,inactive,2025-02-01T01:48:19
38,involve,false,2025-02-26T06:16:54
39,professional,success,2025-01-11T00:32:57
40,bank,inactive,2025-03-18T10:09:07
41,sea,false,2025-01-27T15:59:06
42,security,active,2025-05-30T14:32:58
43,school,active,2025-05-20T03:28:09
44,growth,false,2025-05-21T14:22:28
45,almost,pending,2025-02-22T04:44:00
46,garden,inactive,2025-07-17T15:40:02
47,difficult,true,2025-03-23T22:03:28
48,buy,inactive,2025-07-13T01:13:14
49,nation,failed,2025-01-30T03:33:31
50,agency,pending,2025-05-09T12:19:56
51,turn,false,2025-01-30T21:41:52
52,administration,true,2025-06-16T17:50:25
53,several,true,2025-01-05T22:06:34
54,feel,failed,2025-07-04T20:30:50
55,few,failed,2025-03-19T19:15:49
56,a,success,2025-03-20T06:19:29
57,but,success,2025-02-17T19:50:43
58,mission,true,2025-06-21T03:23:01
59,vote,failed,2025-01-16T20:58:27
60,return,success,2025-04-12T00:22:40
61,require,true,2025-06-21T19:45:14
62,at,failed,2025-04-30T06:47:05
63,grow,true,2025-01-06T17:13:16
64,positive,pending,2025-03-16T04:26:20
65,truth,failed,2025-05-09T10:56:06
66,health,active,2025-04-06T16:40:59
67,sign,failed,2025-01-08T12:50:08
68,short,inactive,2025-06-29T18:43:33
69,administration,inactive,2025-04-28T06:04:35
70,option,true,2025-05-17T13:36:16
71,prove,false,2025-03-23T08:00:35
72,health,pending,2025-06-19T08:39:12
73,draw,active,2025-01-13T06:08:33
74,effect,active,2025-04-30T19:24:26
75,season,active,2025-01-20T04:25:44
76,fire,active,2025-04-11T05:58:45
77,customer,true,2025-06-26T12:28:12
78,talk,failed,2025-03-02T03:35:11
79,material,success,2025-01-21T00:55:44
80,off,active,2025-01-18T05:36:35
81,training,active,2025-04-23T10:05:55
82,own,failed,2025-06-25T06:05:07
83,bill,active,2025-02-22T08:18:56
84,stop,inactive,2025-06-15T06:41:36
85,claim,false,2025-01-17T17:43:25
86,daughter,true,2025-04-10T10:59:31
87,school,failed,2025-04-02T19:58:16
88,by,active,2025-06-01T06:42:19
89,they,false,2025-06-23T15:57:07
90,raise,inactive,2025-03-05T08:08:13
91,human,active,2025-05-13T23:16:14
92,stay,active,2025-05-21T10:57:09
93,because,true,2025-02-20T16:03:53
94,into,success,2025-03-06T08:39:30
95,third,failed,2025-01-29T03:35:33
96,during,inactive,2025-05-04T19:30:26
97,prove,false,2025-05-12T14:33:51
98,movie,active,2025-07-19T21:26:35
99,get,success,2025-06-24T21:58:53
100,line,pending,2025-01-27T04:27:55
101,shoulder,success,2025-03-26T09:18:29
102,after,active,2025-05-28T21:27:03
103,kind,success,2025-06-22T15:32:21
104,own,inactive,2025-01-20T22:21:32
105,dark,active,2025-07-17T18:31:40
106,decade,true,2025-02-25T18:37:27
107,Republican,true,2025-01-02T11:11:03
108,account,success,2025-03-05T19:29:03
109,system,failed,2025-01-10T08:15:05
110,north,true,2025-01-01T20:57:31
111,treat,failed,2025-01-10T12:10:16
112,car,active,2025-07-04T02:54:37
113,fall,true,2025-04-29T22:26:56
114,financial,true,2025-04-22T18:16:40
115,federal,success,2025-07-08T09:39:43
116,indeed,true,2025-04-16T16:03:40
117,couple,success,2025-03-13T22:17:08
118,civil,false,2025-06-13T13:04:45
119,successful,true,2025-02-11T07:58:35
120,do,inactive,2025-01-21T04:51:33
121,point,failed,2025-04-06T03:49:08
122,future,pending,2025-01-01T23:19:17
123,society,success,2025-06-27T13:28:01
124,other,failed,2025-07-11T02:54:28
125,admit,inactive,2025-01-05T12:21:13
126,fly,failed,2025-07-12T05:59:28
127,mind,false,2025-07-06T18:02:30
128,degree,pending,2025-01-31T11:25:01
129,hold,false,2025-07-18T21:08:16
130,third,true,2025-02-07T15:01:22
131,whose,false,2025-06-03T19:43:34
132,federal,pending,2025-01-28T23:55:38
133,drug,success,2025-07-06T01:22:18
134,draw,inactive,2025-06-24T09:15:45
135,leave,inactive,2025-01-18T07:01:00
136,team,success,2025-06-10T02:28:03
137,how,inactive,2025-04-09T21:43:02
138,bill,active,2025-05-06T09:50:10
139,expert,failed,2025-07-05T14:55:46
140,catch,inactive,2025-07-13T22:14:15
141,my,false,2025-05-09T13:15:19
142,really,pending,2025-03-22T17:55:39
143,only,inactive,2025-07-07T02:14:38
144,yourself,false,2025-03-23T23:16:38
145,never,active,2025-05-29T17:22:53
146,laugh,false,2025-03-31T19:37:05
147,here,true,2025-02-02T20:08:40
148,partner,pending,2025-06-27T05:57:01
149,trip,pending,2025-01-16T22:27:45
150,poor,active,2025-03-03T19:14:37
151,memory,true,2025-03-22T13:13:19
152,city,false,2025-01-27T13:55:42
153,adult,success,2025-07-02T03:32:09
154,already,success,2025-02-27T14:08:37
155,understand,inactive,2025-04-28T10:01:11
156,across,failed,2025-05-16T10:03:26
157,collection,failed,2025-04-13T18:24:01
158,response,failed,2025-04-03T15:10:21
159,both,success,2025-05-29T05:26:59
160,now,false,2025-06-05T09:44:01
161,expert,true,2025-03-24T16:06:56
162,quite,pending,2025-07-14T05:19:28
163,rock,inactive,2025-03-18T15:27:56
164,generation,active,2025-07-10T17:21:18
165,season,inactive,2025-04-07T22:19:37
166,how,failed,2025-07-12T04:15:24
167,finish,active,2025-06-07T18:42:53
168,camera,active,2025-06-25T05:22:15
169,understand,success,2025-01-28T17:58:31
170,guess,success,2025-01-28T16:29:38
171,despite,failed,2025-04-24T09:04:05
172,choose,inactive,2025-03-01T13:01:52
173,result,active,2025-01-13T07:31:00
174,suddenly,failed,2025-05-02T21:50:41
175,good,active,2025-06-12T10:33:45
176,appear,pending,2025-04-09T11:00:07
177,will,inactive,2025-07-11T03:04:44
178,pattern,failed,2025-05-14T19:16:41
179,throw,false,2025-01-07T04:44:50
180,development,failed,2025-04-14T05:10:12
181,share,failed,2025-01-27T08:45:56
182,election,inactive,2025-04-02T12:15:45
183,rate,active,2025-01-03T20:38:33
184,agreement,inactive,2025-07-11T07:13:05
185,performance,failed,2025-07-24T01:05:22
186,character,inactive,2025-07-24T04:04:19
187,return,inactive,2025-01-16T17:56:21
188,herself,false,2025-01-08T04:22:36
189,today,pending,2025-04-20T05:43:18
190,camera,active,2025-05-02T17:46:58
191,consider,true,2025-01-20T06:00:09
192,suggest,success,2025-03-29T02:48:42
193,blood,false,2025-07-03T05:48:21
194,serve,true,2025-03-07T04:17:54
195,off,success,2025-01-19T08:57:52
196,hour,success,2025-05-05T18:42:26
197,staff,success,2025-01-03T15:26:34
198,level,success,2025-03-11T11:08:47
199,cause,failed,2025-03-20T19:39:45
200,business,pending,2025-02-24T19:53:21
