id,order_id,product_id,quantity,price
1,same,gun,491.63,79.0
2,election,drug,98.07,221.11
3,marriage,best,272.6,227.63
4,thank,likely,8.46,49.03
5,environmental,entire,367.28,129.38
6,social,contain,276.12,153.21
7,pattern,among,361.65,114.5
8,national,put,374.18,121.39
9,according,land,164.99,99.65
10,than,interesting,195.71,469.83
11,close,fight,384.08,469.72
12,plan,challenge,207.72,11.15
13,real,thousand,252.31,356.6
14,interview,manager,305.54,117.36
15,rate,lay,5.55,22.93
16,central,step,112.05,41.59
17,night,tough,419.37,454.79
18,coach,site,114.37,100.08
19,suggest,prepare,49.4,290.4
20,memory,course,465.14,136.32
21,administration,produce,235.76,376.47
22,white,news,220.03,373.81
23,population,decide,131.18,65.19
24,oil,specific,433.15,106.93
25,it,usually,454.7,54.93
26,open,they,56.88,103.51
27,top,I,46.93,157.59
28,town,gun,110.47,297.92
29,the,wind,416.79,402.52
30,make,instead,220.4,13.1
31,car,sense,356.53,487.57
32,institution,small,143.56,36.97
33,daughter,once,355.44,98.03
34,return,see,229.71,153.41
35,risk,true,369.86,13.82
36,go,without,460.82,434.9
37,organization,morning,489.7,296.43
38,truth,arrive,441.61,345.04
39,lay,certainly,63.69,300.16
40,important,mean,189.89,407.57
41,fund,TV,155.9,472.24
42,cultural,shake,64.88,170.57
43,because,citizen,148.67,186.11
44,letter,whether,437.65,217.59
45,five,crime,344.14,429.21
46,share,upon,129.45,404.5
47,point,test,17.05,130.79
48,light,network,482.88,128.53
49,more,upon,95.65,105.67
50,poor,eat,47.83,326.69
51,ball,test,384.49,262.78
52,tonight,another,84.05,286.6
53,leader,let,236.69,352.09
54,represent,generation,140.39,487.41
55,result,indicate,486.66,490.38
56,fill,street,395.85,482.11
57,born,coach,440.03,30.85
58,environmental,check,275.7,9.17
59,degree,story,23.61,122.3
60,reach,tonight,482.17,346.58
61,fish,effort,454.86,362.31
62,subject,fear,59.02,59.79
63,commercial,kind,51.03,209.17
64,ground,standard,374.93,342.27
65,between,world,103.5,65.71
66,peace,article,94.32,34.2
67,out,early,399.18,155.99
68,enough,none,339.57,488.23
69,half,agree,396.51,380.36
70,off,some,427.01,455.61
71,figure,remember,43.97,376.07
72,leader,officer,344.17,132.3
73,role,either,311.34,387.27
74,start,western,342.86,399.13
75,lead,to,287.9,154.2
76,laugh,allow,325.35,265.48
77,writer,really,474.55,403.23
78,course,finally,420.31,361.66
79,be,follow,335.83,459.99
80,heavy,growth,489.48,421.63
81,receive,drop,129.04,265.46
82,describe,party,464.9,423.52
83,free,trip,196.55,467.73
84,look,movie,441.78,93.21
85,actually,teach,498.55,421.4
86,land,fish,239.24,19.09
87,two,want,246.73,174.47
88,cut,voice,53.29,313.54
89,information,leave,409.59,244.9
90,computer,later,219.31,57.21
91,low,future,420.15,304.98
92,might,build,179.46,229.96
93,challenge,something,271.77,226.41
94,information,everybody,180.48,47.48
95,effort,style,473.23,438.61
96,week,find,292.16,11.55
97,community,summer,293.15,401.76
98,station,baby,130.35,12.96
99,responsibility,billion,471.97,205.17
100,yes,wear,455.24,125.43
101,first,film,492.56,235.13
102,team,writer,488.41,357.24
103,trip,source,323.71,367.34
104,to,wait,88.3,350.13
105,memory,police,196.76,307.51
106,production,wide,486.01,121.76
107,challenge,serious,5.52,219.1
108,trial,street,368.27,59.43
109,sort,special,444.43,64.1
110,manager,box,205.17,334.48
111,lay,particular,184.93,263.92
112,rise,tell,63.41,373.14
113,building,position,310.24,18.67
114,ready,important,177.0,128.97
115,education,hot,71.21,82.88
116,way,statement,196.13,293.5
117,industry,first,437.42,62.5
118,month,bank,431.8,263.17
119,possible,not,352.05,72.74
120,board,south,69.42,478.17
121,detail,save,318.7,157.96
122,child,walk,381.52,440.14
123,provide,war,231.18,395.49
124,kid,describe,405.77,367.7
125,score,arm,378.51,90.89
126,ten,trade,459.99,484.48
127,face,whether,449.35,124.58
128,generation,else,477.59,359.4
129,picture,special,198.73,47.68
130,purpose,amount,47.43,313.5
131,tough,matter,243.73,114.08
132,middle,involve,379.58,409.69
133,music,among,363.49,156.32
134,save,commercial,166.41,148.94
135,support,should,212.46,448.96
136,later,conference,148.08,353.22
137,high,process,139.59,465.28
138,too,teacher,102.88,96.03
139,product,cold,97.42,283.11
140,fly,try,373.6,296.97
141,first,onto,31.08,282.6
142,also,help,337.17,494.81
143,skin,decision,15.29,299.65
144,which,about,170.07,420.41
145,significant,enough,49.08,195.23
146,system,glass,381.96,447.05
147,TV,enough,157.47,337.5
148,drug,resource,21.65,429.57
149,property,station,476.65,324.63
150,blood,audience,321.62,195.71
151,present,common,255.25,319.6
152,member,leader,472.39,55.33
153,use,challenge,140.94,236.16
154,effort,high,193.32,184.77
155,cut,product,440.3,251.11
156,start,along,239.48,34.79
157,build,respond,421.09,496.6
158,many,half,92.36,259.07
159,forward,visit,379.97,340.48
160,themselves,television,381.22,456.2
161,participant,difficult,283.84,354.15
162,its,identify,342.7,499.1
163,enough,woman,474.96,145.98
164,remain,always,106.08,463.65
165,year,outside,31.5,314.01
166,finally,enter,232.68,37.47
167,enough,factor,132.31,428.95
168,fact,writer,148.49,185.92
169,moment,degree,374.08,331.17
170,stay,shoulder,446.61,190.34
171,accept,management,445.66,218.66
172,conference,force,454.62,18.19
173,brother,subject,439.51,333.79
174,none,claim,45.77,463.92
175,be,mention,287.95,274.23
176,turn,plant,333.67,169.5
177,in,open,453.56,221.23
178,address,national,118.25,338.63
179,final,economy,79.06,397.83
180,source,point,135.16,469.26
181,Mr,early,154.26,304.09
182,the,listen,173.75,327.82
183,hospital,economy,434.73,424.15
184,receive,himself,9.37,222.85
185,to,ever,406.6,336.83
186,study,miss,303.38,16.11
187,nothing,hand,158.3,142.34
188,party,responsibility,461.54,170.56
189,enough,stop,434.22,470.24
190,science,focus,179.72,309.46
191,star,bag,11.92,98.98
192,full,beat,401.58,307.19
193,quite,tell,155.58,56.19
194,international,campaign,173.99,187.5
195,picture,character,285.51,50.7
196,I,situation,89.66,81.22
197,sport,purpose,365.99,276.88
198,feeling,rule,432.63,415.11
199,never,together,135.42,97.99
200,capital,drop,39.42,371.21
