id,pincode,area_name
1,nJ66pQ62,Darlene Floyd
2,Kb66mE14,Derek Santiago MD
3,LB61jb99,Richard Fisher
4,ws14MZ67,Jill Harris
5,VZ94JY16,Jessica Dudley
6,ZR99Cr52,Jordan Adams
7,qU79AT41,Justin Mack
8,LO10Qv95,Anthony Barr
9,jR18or54,Matthew Wilson
10,Cz81pc20,Caroline Rich
11,AO70fd98,Martha Orozco
12,TE58fM19,Anthony Ferrell
13,gP39Uw22,Rodney Gentry
14,uR96tF82,Stacy Foster
15,uJ30aB00,Jacob Rogers PhD
16,kN21sF95,Lindsey Curry
17,Ps30NN92,Jordan Baker
18,YT01Vs61,Nicholas Gill
19,gO47QC25,Robert Watson MD
20,yo85qJ52,Brittany Rojas
21,gM52QW77,Melanie Trujillo
22,Wi05aB54,Alex Atkinson
23,gi31ze66,Lori Morgan
24,rY22qZ36,Nathaniel Blair
25,vM06zs10,Tracy Adams
26,An34Ru95,Ernest Pham
27,Co10tb42,James Bell
28,tk15zn05,John White
29,bj59fY91,Michelle Harrison
30,Ts95GY37,Laura Barnett
31,PF39CU16,Tracey Holland
32,yY58KK97,Donald Wells
33,rR32sf04,Sherri Rose
34,ob35Ie39,Bobby Moore
35,Ef92zG49,Joy Lamb
36,uz22fe98,Rachel Lowery
37,SJ07Rf84,Patrick Carr
38,XC00Bf32,Eric Brandt
39,cH85tu29,Tiffany Davis
40,Nm59LO32,Tyler Reed
41,XC12vu71,Jose Walker
42,Kh99Hv58,Michael Williams
43,pj44gC78,Rachel Jenkins
44,Dw05kO36,Brian Bishop
45,UQ54ai52,Scott Powers
46,RG70dY39,David Gilbert
47,zA75uy49,Hannah Austin
48,LT51Rv02,Krista West
49,xL68ye54,Mr. Steven Le DDS
50,Zk43ps66,Miss Vanessa Wells
51,yT18ZW34,Elizabeth Patterson
52,Wm73vY51,Samuel Acevedo
53,eR45ZT31,Alicia Hardy
54,MQ84ak25,Derek Guerrero
55,Xh83Ap83,Kevin Sanders
56,DM40YU17,Nicholas Rivera
57,Ei85aQ85,Rebecca Rodriguez
58,sp47il38,Melissa Mueller
59,Dn99Hg77,Billy Clements
60,My52JC95,Cynthia Hahn
61,us65ES67,Amy Ewing
62,Ty85DC30,Megan Carr
63,sV67nM37,Jennifer Holmes
64,DZ18IG62,Ryan Jones
65,UU56KV87,Casey Hoffman
66,Ql64oU65,Crystal Mullins
67,XL30fh10,Isaac Brewer
68,vM64CI50,Adrienne Cross
69,vh42yT20,Deborah Ball
70,eI21gG49,Richard Thompson
71,Yh29Jb79,Sherry Grant
72,GH28LY91,Misty Adams
73,eg14oo68,Manuel Ball
74,qA33CE05,Leslie Ward
75,Mi44XS55,Julian Baker
76,UO47lU51,Ronald Olson
77,Zz11lt10,Veronica Robinson
78,aq49kK60,James Ellison
79,rn53sN90,Valerie Long
80,Ma66qL52,Brooke Potter
81,ID93sN91,Sandra Armstrong
82,YJ35ss17,Thomas Rivera
83,cY08NE72,Holly Hart
84,FQ82rT63,Melissa Nichols
85,dh15cs19,Ronald Cowan
86,ir32vV27,Frank Roberts
87,nz85mJ75,Dr. Jeff Davis
88,pI56sV79,Peggy Torres
89,uc77wD94,Lisa Ford
90,DK61Uv47,Stacy Monroe
91,xp16EZ70,Raymond Roberts
92,Mw46Gg02,Taylor Myers
93,gW62Ih98,Theresa Thomas
94,iI17gt48,Jeffrey Hooper
95,je51dP58,Elizabeth Thompson
96,kq44Tc86,Angela Gaines
97,un30wZ48,Ryan Castaneda
98,dM45DG88,Jennifer Hodge
99,SW00rt03,Karen Phillips
100,GH12eL82,Steven Wright
101,gT36Oh18,Scott Montoya
102,rt26Sj80,Barbara Simpson
103,Pa35Bq45,Dennis Casey
104,nb82ej97,Shane Brown
105,YB96RJ17,Faith Turner
106,oL26tX49,Carol Daugherty
107,Kt56mn46,Daniel Burch
108,MI44jv04,Jorge Allen
109,PQ23bn55,Elizabeth Sheppard
110,tf52wD62,Robin Foster
111,ft32OD73,Christopher Mcpherson
112,AQ07qy86,Christopher Parker
113,rv53eS23,Tyrone Roberts
114,lW61SR61,Chris Contreras
115,dL56Va14,Kelly Mullins
116,XH62NQ88,Carl Sanchez
117,fl49YN14,Ashley Romero
118,iH16Cq05,Sally Rodriguez
119,vx08rs62,David Wagner
120,ah66fJ07,Thomas Johnson
121,bE35BT49,Thomas Vasquez
122,cs95vg34,Summer Mcdaniel
123,Xt46mw20,Debbie White
124,bZ31JZ88,Linda Robinson
125,zG13Xg78,John Martin
126,QP72kj23,Kayla Booth
127,Uo28wl48,Debra Zimmerman
128,YY40hA62,Amber Bowen
129,Mj54na18,Jessica Johnson
130,gx17Bh21,Pamela Flores
131,jt80DR93,Randy Jacobs
132,in45EN98,Ms. Caroline Alvarez
133,jG85si27,Jason Powell
134,cv07Ft86,Tim Reyes
135,hv41KM22,Shelley Hoover
136,Gb30DB81,Alex Gaines
137,uc44vd15,David Rodriguez
138,FJ11uv09,Anne Meyer
139,ZJ52dU23,Eric Thompson
140,TI94wF01,Anthony Gamble
141,yP13vl67,Erika Coleman
142,Pi58pB87,Nicole Rodriguez
143,Iu70Sn09,Christopher Roberts
144,VT02Ti97,Cynthia James
145,Qi65VW88,Benjamin Peterson
146,eK73AA07,Autumn Washington
147,Up12xh70,Wanda Pittman
148,nd18wX00,Christopher Mata
149,iO27YU24,Amber Willis
150,cx83ZT27,Mary King
151,QW95bn42,Brooke Wright
152,Em13ap43,Corey Alvarez
153,eU36ck09,Joseph Miller
154,Xl95lx58,Suzanne Rowe
155,jU32VD24,Brandon Flores
156,mk85TI63,Stephanie Caldwell
157,on25TP83,Carolyn Mitchell
158,Bm46PZ09,Hunter Burnett
159,Eh77HV95,Tracy Davis
160,qA56Sv11,Clinton Roman
161,LF18HX32,Louis Mcdaniel
162,Ya79ZU17,Bruce Gonzales
163,Nm26uF09,Jonathan Collins
164,Mu57rG42,Vicki George
165,rV73dF49,Patricia Rodriguez
166,lB48cH23,David Rogers
167,KF75BN07,Olivia Rodriguez
168,GQ05YQ91,Elizabeth Walter
169,oP48eg43,Paige Garrett
170,Tm79Zv66,Brent Lynn
171,Nz42Ri06,Whitney Bolton
172,Zh29DM37,Thomas Williams
173,iW27yN21,Nancy Mullins
174,Zq27gy58,Mitchell Miller
175,nc01vx80,Manuel Gates
176,WX44CL12,Steven Wang
177,UP37Ij81,Brian Santos
178,OS78Ej51,Russell Taylor
179,FI36Le06,Michael Morgan
180,xc91hU64,Allison Delgado
181,fQ80Le60,Gregory Simmons
182,Mx68yk07,John Harper
183,Oc88UT12,Austin Harris
184,hF49Nb76,Robert Stanley
185,kx31sY77,Amber Nelson
186,cb80dL44,Melinda Ray
187,kq22Pz67,Jorge Reed
188,mp86uJ53,Allison Patel
189,fG26FL47,Melissa Collins
190,Gc49du42,Teresa Townsend
191,Mv74iF62,Robin Rios
192,EM16Fs71,Katie Myers
193,GV45Ui75,Steven Trevino
194,Zs42PP11,Ryan Garcia
195,Bx27og09,Kathryn Mata
196,zz01hx58,Barbara Dawson
197,Si85KW80,Mary Ramirez MD
198,pN69Kc44,Julie Hobbs
199,uo54qV44,Daniel King
200,wk09Gj65,Jose Ramirez
