id,platform_id,error_message,error_time
1,Congress,Condition possible thing term free.,2025-03-21T01:18:13
2,eye,American score environmental professor.,2025-07-24T06:25:40
3,similar,Especially player structure family next personal.,2025-07-05T18:26:57
4,choose,Case civil affect which stand.,2025-05-30T23:27:20
5,huge,Computer unit may them sure direction PM nearly.,2025-03-07T21:49:31
6,arrive,Newspaper his popular participant.,2025-01-21T18:23:09
7,recently,Between administration plant office capital those.,2025-07-15T02:29:42
8,suggest,Both image everyone condition lead race month shoulder.,2025-03-23T20:20:03
9,order,Reflect natural out conference where who.,2025-07-18T05:36:04
10,audience,Campaign last notice young church provide.,2025-03-15T21:46:08
11,medical,Attention teach customer each always environment example.,2025-01-03T08:34:44
12,everyone,Arrive strategy produce claim peace billion future.,2025-01-11T16:08:50
13,plan,American side everything beat data.,2025-02-15T21:30:15
14,town,In way century more.,2025-03-20T20:34:16
15,enter,News stage garden dark also financial speak.,2025-01-31T19:25:50
16,mean,Consider candidate mean usually bed.,2025-02-13T05:57:53
17,trip,Reflect Mrs treat teacher.,2025-05-22T04:12:11
18,public,White product majority record talk yes establish.,2025-06-17T10:51:09
19,stage,Tax feel sense consumer situation natural everything catch.,2025-04-07T16:26:51
20,party,Me five unit price meeting important.,2025-02-16T21:56:07
21,its,Great talk agree former.,2025-06-16T04:18:30
22,adult,Low star away country ago partner.,2025-04-10T19:15:54
23,less,Gun opportunity south box house room ask executive.,2025-01-24T17:14:04
24,argue,History table carry least four ok fact.,2025-01-24T15:29:30
25,only,Admit response by measure maintain maintain.,2025-05-22T02:48:16
26,democratic,Us series structure much affect.,2025-03-09T13:58:24
27,tax,Soldier prevent approach choose unit avoid each.,2025-05-22T03:45:47
28,put,Expert major skill especially film hotel.,2025-03-22T08:59:42
29,know,Somebody no management board thought.,2025-02-01T12:28:27
30,allow,Character people and human two certainly.,2025-03-08T17:42:36
31,group,Entire then kitchen this class.,2025-02-11T08:08:49
32,and,Plan natural behavior realize blue lose fall ground.,2025-05-22T04:06:55
33,education,Look hand later.,2025-04-24T12:50:53
34,rise,Throughout include say growth challenge middle present.,2025-07-04T03:57:31
35,might,Talk appear nation resource race agreement these.,2025-05-24T02:45:46
36,computer,Market computer race pass lose.,2025-03-02T18:27:23
37,boy,Strategy as law technology almost eye.,2025-04-01T07:36:14
38,ability,Cost apply number billion cover.,2025-07-06T01:14:48
39,should,Yet should item prevent despite.,2025-07-23T16:06:58
40,song,Rule entire class war.,2025-04-07T10:38:08
41,face,Cup think realize itself.,2025-03-04T01:56:12
42,partner,Real final may stage notice.,2025-03-04T03:51:13
43,compare,Record try tree whom wrong Mr.,2025-06-01T02:45:17
44,clearly,Cultural drug administration catch old police.,2025-07-20T22:19:37
45,economy,Manager offer either.,2025-06-03T20:55:45
46,have,Amount range news town Mr lead star audience.,2025-02-05T14:04:19
47,size,Miss dream practice include together challenge need.,2025-02-04T21:58:36
48,box,Center by you person scene beyond citizen.,2025-02-26T12:47:54
49,surface,Option toward per right young mind main will.,2025-05-28T08:04:59
50,so,Performance debate away participant.,2025-04-06T17:47:04
51,heavy,Change but television central answer tonight.,2025-03-27T10:46:37
52,subject,Wear difference sign ever audience provide think.,2025-01-16T22:49:57
53,lot,Director art tough weight statement short unit.,2025-06-06T11:53:48
54,head,Direction policy miss despite reason than business.,2025-05-15T07:19:42
55,spend,Share despite account card number.,2025-05-12T22:40:24
56,traditional,Toward skill drug data color everyone pull sense.,2025-05-30T04:26:43
57,lawyer,Animal fine authority rule.,2025-06-21T16:25:13
58,true,Face man voice sport have event article board.,2025-04-26T15:17:33
59,father,Require once product agent data soldier police.,2025-01-17T11:49:48
60,short,Cover me pick.,2025-02-10T16:37:00
61,sure,Happen in show whole.,2025-04-05T14:38:19
62,common,Fine big address type.,2025-02-08T05:03:31
63,memory,Kitchen health production quickly.,2025-07-03T03:13:08
64,serious,Appear include series.,2025-05-19T14:41:00
65,hospital,Want join thing majority then tonight.,2025-01-14T06:49:00
66,appear,Customer parent up buy.,2025-03-27T14:43:51
67,send,Sound rather himself popular.,2025-03-14T21:14:45
68,forward,Letter theory friend crime style.,2025-03-09T15:14:39
69,resource,Wish everybody like company network end pattern.,2025-03-14T22:19:09
70,new,Know work little article whatever organization.,2025-07-07T01:07:32
71,among,Detail believe later bag buy.,2025-06-24T16:43:09
72,push,Group here option stock international body.,2025-03-14T09:11:38
73,pick,View both most.,2025-07-13T20:03:50
74,first,Occur control think woman between mouth financial.,2025-01-03T17:45:15
75,item,Final argue concern politics his project series.,2025-03-25T17:36:46
76,put,Town thought character operation interview me two.,2025-02-22T16:15:33
77,interest,Including environmental paper have.,2025-07-15T10:54:26
78,exist,Change challenge doctor sound study realize media appear.,2025-06-01T06:28:40
79,participant,Perform model suggest.,2025-02-26T17:45:31
80,notice,Various yourself side staff participant quickly product project.,2025-01-26T20:37:05
81,class,During production edge stand enjoy management have watch.,2025-04-08T21:23:34
82,card,Sell air into husband why.,2025-06-02T11:21:59
83,say,Sound material color figure upon.,2025-01-25T07:49:41
84,she,Piece book evidence from trip author.,2025-07-15T23:57:42
85,rule,Activity force she military or behind who.,2025-07-11T09:12:33
86,land,Chair the down firm toward Congress.,2025-01-30T15:57:51
87,line,Office choice often guy enter poor artist.,2025-03-04T19:48:15
88,song,Region hospital sell.,2025-06-02T05:44:47
89,sense,Boy Congress interest.,2025-07-17T15:52:37
90,give,Just him society plant cell.,2025-02-25T10:55:26
91,we,Green join stop yeah recent business.,2025-01-09T20:11:06
92,order,Any work likely believe receive stop.,2025-02-27T22:22:19
93,catch,Computer bit nothing loss practice.,2025-07-16T00:39:48
94,spend,Door run serious provide.,2025-02-18T00:14:55
95,staff,Campaign continue whether decision gas skin want.,2025-01-12T01:49:44
96,truth,Leader second share decide.,2025-03-24T00:22:14
97,remember,Speak letter else than test consider.,2025-04-11T23:06:36
98,tell,Lead allow service member student wonder.,2025-04-18T19:49:05
99,rise,Statement girl store technology region evening drug style.,2025-01-09T11:23:30
100,likely,Allow large person then billion raise simple.,2025-03-12T22:05:11
101,reflect,Word edge before culture determine.,2025-03-01T13:19:46
102,land,Good good small purpose someone.,2025-04-05T06:15:40
103,very,Read both gas too film owner.,2025-02-24T23:49:07
104,bill,Couple blue blood relate drug offer if.,2025-02-05T06:40:46
105,she,Church notice successful couple.,2025-02-26T13:40:49
106,cultural,Important task generation important adult option scientist.,2025-05-31T06:29:15
107,central,Than war require.,2025-03-16T14:37:48
108,sister,Pattern over top rest.,2025-03-23T13:08:16
109,young,Save president whether.,2025-01-22T03:15:24
110,say,White fund throughout fine team attack show.,2025-06-25T16:33:51
111,green,Life three child financial program.,2025-03-20T11:52:23
112,set,Free participant six because however group now.,2025-06-16T13:55:57
113,nothing,Leave home attorney reach civil.,2025-01-24T13:48:57
114,enjoy,Tough scientist discussion position city.,2025-07-06T04:05:00
115,everything,Near in choice become Mr.,2025-06-02T21:28:00
116,get,Magazine do myself.,2025-04-19T06:07:23
117,along,Gun environment oil own surface buy.,2025-07-21T19:42:08
118,coach,Hear ahead those.,2025-07-17T13:09:58
119,reach,Series manage nothing.,2025-01-23T07:17:35
120,debate,Tree out real stand.,2025-07-01T00:16:38
121,or,Show different discussion son peace concern whatever.,2025-03-29T03:37:23
122,church,Role social add activity through us arm.,2025-03-26T23:45:53
123,officer,East pull this continue every player.,2025-07-17T02:35:08
124,cell,Trouble suffer religious news enough nice sea.,2025-03-09T04:56:06
125,factor,Hospital girl western.,2025-07-01T01:15:05
126,future,Condition play voice table money anything official.,2025-06-17T08:16:58
127,hear,Black teach she responsibility foreign.,2025-02-03T03:08:49
128,when,Member technology concern admit significant.,2025-03-24T05:46:44
129,throughout,As lead low time reduce production cup.,2025-04-15T00:41:36
130,compare,Find just pick anything born.,2025-02-26T06:15:00
131,finish,Approach deal whose huge.,2025-06-03T21:02:09
132,short,Significant relate avoid child where activity that such.,2025-01-03T07:07:25
133,identify,Become have again morning music effect enter.,2025-05-05T01:39:17
134,mother,How arrive since own sit cultural letter.,2025-06-15T09:21:13
135,bed,Agreement story hold cause nice.,2025-04-17T21:26:13
136,between,Much world she tree where.,2025-06-03T19:00:35
137,home,Phone general force week minute run.,2025-06-26T06:00:53
138,mother,Dream up space middle knowledge money.,2025-04-05T22:23:19
139,want,Recent among democratic couple.,2025-04-20T20:15:06
140,box,Test here itself article laugh black cut.,2025-03-24T05:15:28
141,particularly,Other away low live join sign class management.,2025-06-07T00:43:57
142,run,Born listen technology.,2025-05-08T02:56:28
143,range,Act throw career professor hand education seem.,2025-03-20T16:59:18
144,career,Situation subject power look every weight especially.,2025-07-22T01:57:42
145,today,Message serious leg form compare interview.,2025-06-09T00:13:39
146,high,Culture traditional manager what activity.,2025-03-23T16:29:34
147,thank,Analysis indicate dog more should.,2025-06-04T13:44:37
148,stuff,Have possible foreign open.,2025-02-20T21:49:49
149,every,Mr he foreign scientist.,2025-03-26T19:59:44
150,board,Idea series election we.,2025-06-06T01:40:00
151,reach,Arm need too miss simply.,2025-05-16T21:31:54
152,increase,Return wide town that now.,2025-04-04T01:14:21
153,collection,Trouble safe pressure himself.,2025-05-24T02:03:34
154,type,Number decade drug just product accept.,2025-07-13T02:51:05
155,rather,Structure society well space.,2025-05-30T08:44:59
156,nothing,Relationship protect far later relate Mr including unit.,2025-03-29T06:02:38
157,far,Fill forget can term.,2025-05-27T11:12:17
158,language,Wind to color need.,2025-06-13T22:54:24
159,crime,Between because future.,2025-06-04T04:34:37
160,Democrat,Reality affect agent kid husband standard market.,2025-05-22T18:44:50
161,among,Send there explain fact.,2025-01-12T18:02:26
162,question,Left contain task.,2025-04-30T17:14:54
163,require,Allow may right live.,2025-02-15T18:21:57
164,rich,Forget ability position not.,2025-06-11T22:25:33
165,effort,Every necessary degree quality subject hundred.,2025-01-02T00:19:12
166,room,Skill total still feel spring left newspaper.,2025-06-19T18:40:53
167,make,Buy forget study know try simply line.,2025-04-27T09:36:13
168,thought,Professional wrong realize success phone.,2025-05-31T05:19:20
169,involve,Store rock center.,2025-04-12T03:22:21
170,situation,Our he red.,2025-04-04T11:50:39
171,despite,Upon perform blood community between.,2025-07-11T23:10:37
172,soldier,Prove somebody fine ago president degree.,2025-06-28T19:28:54
173,season,Foreign husband whole effect trade window.,2025-01-08T12:52:18
174,condition,Save study else between since personal view.,2025-04-18T23:52:49
175,young,Part Republican itself over will knowledge.,2025-07-01T00:11:27
176,week,Audience hair sit again them ready.,2025-05-03T22:00:26
177,suffer,Attack especially indicate speak.,2025-04-23T05:28:51
178,shake,While why go sit such during food.,2025-05-07T12:47:12
179,under,Understand this five past hotel.,2025-04-11T13:56:01
180,peace,Today continue data family.,2025-05-06T18:31:58
181,peace,Best natural result choose goal.,2025-07-21T14:14:27
182,hot,Budget short law.,2025-04-21T09:29:15
183,officer,By he while rock such few.,2025-05-19T22:51:33
184,attention,Lead appear television again dream.,2025-01-27T01:11:42
185,ahead,All today his that exist level.,2025-01-29T04:31:30
186,girl,Push safe again hit.,2025-04-24T06:42:16
187,somebody,Bad heavy baby visit speech play.,2025-07-06T06:51:36
188,professional,Mother matter purpose show message cup rest.,2025-02-14T04:35:45
189,after,Kind feeling debate site chair night movie.,2025-04-13T10:23:41
190,house,Store different plant create relationship other state.,2025-06-09T23:13:26
191,anyone,Speech far theory bit tell.,2025-03-16T15:03:09
192,center,Also management scene personal.,2025-06-16T08:40:31
193,collection,Soon feeling word car coach better nation husband.,2025-02-24T01:54:03
194,social,Compare role skill its.,2025-07-14T02:32:25
195,television,Task act show these since miss foreign.,2025-03-20T18:04:13
196,professional,Understand compare throughout other begin return.,2025-05-31T21:50:43
197,store,Debate author stand discussion Mr black put.,2025-03-28T02:14:38
198,usually,Become field board college trouble.,2025-03-26T19:07:16
199,remain,All concern dark thought act.,2025-03-27T13:23:04
200,then,Social reality pretty nearly.,2025-07-04T16:07:35
