id,platform_product_id,change_type,timestamp
1,investment,member,2025-01-06T12:55:06
2,kind,or,2025-06-17T19:50:46
3,popular,benefit,2025-04-21T13:11:02
4,break,necessary,2025-04-28T23:30:46
5,eight,stock,2025-05-25T10:43:50
6,require,doctor,2025-01-06T08:19:11
7,these,agent,2025-01-06T12:32:47
8,general,pay,2025-06-06T12:37:07
9,mention,mention,2025-03-29T04:07:54
10,thought,specific,2025-04-07T17:06:02
11,sing,per,2025-05-08T15:32:40
12,home,simple,2025-05-23T17:49:34
13,foot,official,2025-07-23T20:19:27
14,fact,economy,2025-07-02T00:42:56
15,herself,because,2025-01-08T13:52:20
16,range,professor,2025-03-16T06:00:52
17,describe,now,2025-07-05T20:07:29
18,tax,finally,2025-05-12T11:08:08
19,coach,technology,2025-01-09T21:40:22
20,fish,war,2025-07-15T09:44:55
21,your,station,2025-07-06T01:15:42
22,child,necessary,2025-05-02T07:36:24
23,tax,drop,2025-02-03T18:18:33
24,compare,close,2025-04-09T17:41:10
25,see,work,2025-02-09T09:38:54
26,stock,film,2025-02-05T22:32:10
27,test,word,2025-01-07T13:47:14
28,cost,name,2025-03-04T09:39:38
29,offer,section,2025-05-16T05:07:41
30,bag,week,2025-04-08T00:06:38
31,lawyer,score,2025-05-19T11:11:29
32,take,eye,2025-06-15T16:29:07
33,early,good,2025-03-23T02:57:28
34,those,impact,2025-05-04T22:42:21
35,among,allow,2025-07-08T01:34:01
36,really,successful,2025-03-02T21:15:55
37,him,long,2025-05-29T15:16:37
38,fall,letter,2025-06-25T04:04:01
39,soon,rest,2025-06-25T09:11:07
40,eat,strong,2025-03-01T00:15:49
41,choice,contain,2025-05-06T06:12:34
42,particularly,four,2025-04-26T10:43:22
43,stage,really,2025-01-17T08:10:48
44,identify,doctor,2025-06-17T10:57:56
45,off,try,2025-07-13T05:10:58
46,artist,management,2025-07-18T00:19:54
47,professional,always,2025-07-02T13:05:00
48,realize,they,2025-07-14T14:43:08
49,admit,her,2025-02-01T19:14:23
50,respond,us,2025-01-20T17:04:12
51,whose,increase,2025-04-05T20:24:30
52,forward,build,2025-03-23T09:13:20
53,play,office,2025-01-11T15:57:11
54,according,sometimes,2025-05-04T06:36:40
55,do,low,2025-06-25T08:43:36
56,drive,fine,2025-02-24T08:31:26
57,its,again,2025-04-25T04:25:58
58,tonight,movie,2025-01-12T17:45:30
59,high,development,2025-06-30T23:09:24
60,per,somebody,2025-01-10T04:32:08
61,although,television,2025-05-30T02:08:36
62,make,accept,2025-03-12T14:09:47
63,matter,mouth,2025-06-01T07:39:25
64,win,able,2025-06-12T16:12:13
65,dark,money,2025-04-05T22:25:52
66,themselves,use,2025-02-14T04:29:57
67,field,forward,2025-01-04T00:09:24
68,series,table,2025-01-11T04:14:09
69,two,onto,2025-05-21T19:27:55
70,subject,national,2025-06-28T14:30:21
71,admit,whose,2025-05-25T08:38:07
72,economic,inside,2025-03-17T05:47:25
73,rule,have,2025-03-18T01:51:48
74,clear,continue,2025-06-03T00:42:15
75,investment,themselves,2025-03-30T06:27:58
76,voice,card,2025-03-20T05:53:33
77,region,affect,2025-01-18T08:09:39
78,must,information,2025-01-18T04:03:18
79,wife,before,2025-04-06T22:21:30
80,reduce,hit,2025-06-16T07:50:41
81,practice,place,2025-01-01T13:11:40
82,military,grow,2025-02-26T16:16:38
83,short,really,2025-06-05T22:15:03
84,relationship,company,2025-05-24T13:01:54
85,too,five,2025-01-17T19:59:40
86,pay,election,2025-04-29T10:10:53
87,officer,feeling,2025-01-08T07:27:19
88,research,music,2025-06-08T01:38:44
89,community,which,2025-06-29T01:05:55
90,food,event,2025-01-17T01:47:18
91,loss,everybody,2025-07-14T17:17:54
92,notice,water,2025-05-11T01:25:33
93,their,expert,2025-06-25T05:06:06
94,oil,manage,2025-06-11T13:56:54
95,above,responsibility,2025-01-19T20:27:35
96,air,account,2025-03-02T01:06:45
97,expert,much,2025-05-25T14:11:58
98,work,key,2025-06-29T09:23:11
99,street,number,2025-06-18T07:37:25
100,drug,a,2025-07-17T08:29:53
101,agreement,while,2025-04-28T17:50:00
102,sure,order,2025-04-14T20:46:01
103,four,present,2025-06-13T03:46:06
104,image,answer,2025-05-07T09:20:32
105,already,citizen,2025-02-24T18:56:31
106,indicate,whom,2025-05-02T15:18:29
107,money,national,2025-02-10T10:22:54
108,choice,talk,2025-04-17T14:32:42
109,back,factor,2025-04-12T23:33:51
110,poor,special,2025-05-28T17:18:41
111,study,your,2025-04-21T20:13:28
112,impact,sometimes,2025-07-11T14:03:30
113,military,generation,2025-01-28T17:02:09
114,its,ahead,2025-05-16T22:13:26
115,respond,hundred,2025-02-11T20:33:34
116,many,wide,2025-03-27T16:08:42
117,recognize,year,2025-06-02T14:09:06
118,movement,responsibility,2025-04-12T22:39:34
119,pretty,easy,2025-06-25T08:26:11
120,never,easy,2025-07-13T22:28:59
121,white,white,2025-02-08T12:44:59
122,safe,speak,2025-02-23T18:27:11
123,go,pretty,2025-03-28T09:24:51
124,feel,heavy,2025-02-12T03:45:13
125,career,small,2025-02-23T23:07:20
126,range,effort,2025-06-28T22:21:21
127,challenge,game,2025-05-15T18:12:56
128,whatever,civil,2025-01-16T00:42:03
129,sell,pass,2025-02-28T08:58:18
130,because,story,2025-06-12T01:33:53
131,cultural,smile,2025-05-20T22:38:49
132,and,high,2025-05-04T12:38:43
133,might,shake,2025-07-17T12:18:11
134,become,people,2025-05-28T12:37:47
135,think,reality,2025-01-04T13:19:49
136,key,chair,2025-06-03T07:22:00
137,significant,because,2025-04-06T12:05:32
138,action,paper,2025-03-04T15:56:46
139,seek,summer,2025-03-21T12:02:12
140,professor,activity,2025-01-15T16:23:33
141,beyond,physical,2025-01-02T09:50:45
142,space,teach,2025-02-23T23:04:53
143,yard,past,2025-02-19T18:08:29
144,book,somebody,2025-02-21T09:50:31
145,onto,notice,2025-07-19T20:12:20
146,health,really,2025-06-24T12:29:08
147,information,store,2025-05-09T06:33:10
148,kitchen,office,2025-04-27T13:12:48
149,state,bring,2025-02-16T12:41:57
150,natural,none,2025-03-04T20:59:44
151,decision,manager,2025-05-06T18:25:33
152,soldier,alone,2025-07-08T19:16:44
153,ability,turn,2025-05-03T11:05:36
154,none,relate,2025-06-06T00:47:13
155,she,hair,2025-01-02T16:35:38
156,common,air,2025-03-27T07:54:13
157,old,alone,2025-06-05T01:37:35
158,big,ready,2025-04-26T18:03:57
159,general,key,2025-02-19T10:32:42
160,effort,about,2025-07-02T18:05:35
161,certainly,possible,2025-05-30T18:01:16
162,capital,success,2025-06-30T23:53:18
163,individual,hit,2025-07-11T16:55:27
164,letter,everything,2025-02-19T23:33:18
165,soon,Mrs,2025-03-28T17:53:42
166,low,ground,2025-04-08T07:56:52
167,ground,particular,2025-05-25T15:38:07
168,on,improve,2025-03-16T01:34:59
169,population,role,2025-05-17T02:06:35
170,amount,top,2025-02-18T01:26:28
171,seven,suddenly,2025-05-13T04:37:05
172,age,cost,2025-04-24T07:50:38
173,Republican,whether,2025-03-09T17:49:32
174,individual,question,2025-02-16T17:40:43
175,hair,say,2025-04-29T11:48:37
176,certainly,hit,2025-05-27T06:31:35
177,American,pay,2025-05-17T02:15:18
178,college,find,2025-01-12T22:15:31
179,hot,officer,2025-04-01T02:28:53
180,performance,past,2025-03-19T20:05:47
181,current,list,2025-06-15T12:17:46
182,American,young,2025-06-27T10:00:06
183,group,reflect,2025-05-19T21:19:26
184,response,tough,2025-04-15T03:49:21
185,allow,push,2025-04-23T12:35:15
186,admit,around,2025-05-17T04:14:04
187,church,door,2025-02-24T01:04:38
188,middle,end,2025-04-13T22:20:13
189,raise,hold,2025-06-10T14:33:57
190,industry,beyond,2025-04-07T21:27:53
191,east,she,2025-03-14T17:10:30
192,fast,number,2025-03-30T18:42:02
193,in,product,2025-06-11T14:00:31
194,off,arrive,2025-04-18T19:44:36
195,modern,own,2025-03-30T07:15:55
196,form,move,2025-07-05T17:04:42
197,available,view,2025-03-04T15:19:02
198,start,look,2025-06-15T06:35:24
199,maintain,kind,2025-02-13T05:18:42
200,government,child,2025-03-14T05:50:14
