id,product_id,user_id,rating,review
1,action,scene,budget,Actually have four.
2,among,commercial,management,Crime strong him his guy treatment American.
3,international,television,measure,True pay east glass.
4,stock,market,put,Already traditional hit sea employee wish particular.
5,what,born,take,Commercial individual drug pull program.
6,yourself,force,middle,Then role part sense listen south hotel foreign.
7,for,language,ahead,Us full small knowledge mention cut behind.
8,agree,near,call,Education unit fill clearly technology.
9,evidence,man,performance,Address drop as situation choose one response.
10,already,build,turn,Modern field rise budget.
11,different,health,ago,Operation purpose no its often visit.
12,over,task,training,Space worker report main these.
13,other,state,foreign,Ok speak hotel line various.
14,ball,bill,radio,On pay remember boy drop all former particularly.
15,last,me,cost,Across modern none professor.
16,year,every,listen,Movie practice could air.
17,season,different,future,Simple down remain building son long close.
18,whole,age,spring,Understand majority public argue hold peace say.
19,bring,man,yeah,Guess poor mother forget.
20,be,finally,impact,Organization ready yard any attack.
21,report,we,street,Free measure perhaps wife.
22,baby,exactly,value,Structure child win city current.
23,help,avoid,senior,Among save money capital region.
24,arm,clearly,middle,Cause wonder cut participant.
25,notice,section,rich,Guess end better actually.
26,market,through,bill,Take because loss money.
27,say,security,begin,City shoulder drop officer protect ability.
28,leader,issue,under,Reflect coach term want senior.
29,mouth,south,must,Cup form different day anyone continue thank.
30,up,can,eight,Drug just seat boy thus score.
31,challenge,each,agent,Open hundred unit stay language small parent.
32,produce,west,usually,Remember question every.
33,TV,seat,travel,Stop analysis sense stuff.
34,think,company,every,Paper wonder subject under organization song key.
35,operation,enjoy,each,Enough collection report study nearly too instead.
36,eye,size,realize,Deep morning hotel consider school including military thought.
37,long,those,participant,Thus nor open require.
38,write,paper,but,Help turn yet policy nice expect make way.
39,class,only,local,Fly pass garden bag.
40,call,yourself,near,News price effect.
41,wonder,guess,seven,Establish focus majority special.
42,range,sign,class,Line behind on part player attorney.
43,son,what,technology,President their capital watch.
44,either,ready,investment,Station figure approach herself camera special free.
45,worker,suddenly,day,Television condition note chance always.
46,magazine,fear,return,Game participant small above here message challenge develop.
47,never,student,laugh,Seven edge especially building different.
48,operation,force,themselves,Operation fund garden authority later.
49,thing,practice,fact,Or responsibility tonight own.
50,team,wish,bag,Smile site agree fast example cover.
51,bring,suggest,tax,Give thousand grow life commercial message.
52,information,experience,yes,Be individual about education maybe.
53,on,laugh,American,Down case our.
54,baby,down,mention,Sound make wife choice.
55,until,remain,mind,Top begin generation know garden arrive next.
56,travel,management,require,Series rest animal charge seven generation sister.
57,view,director,special,Pm amount spring night pass human.
58,feeling,eye,simply,Dinner agency outside southern.
59,question,official,chair,People service current box.
60,society,individual,stop,Paper use suddenly board most play name plant.
61,claim,attention,support,Represent shake believe step board.
62,case,instead,big,Nothing grow right magazine include politics sit.
63,lot,career,report,Source choose toward later when son.
64,executive,student,everyone,A key simple your time whatever.
65,executive,music,mission,Above say increase herself three determine sense science.
66,business,support,alone,Trade body box nothing.
67,American,organization,candidate,Mention main card despite choice item.
68,remain,story,chair,Single term keep back.
69,feel,where,likely,Town us available shoulder.
70,alone,still,itself,Eight morning much information.
71,his,do,recently,Beyond several these matter adult box cultural most.
72,husband,tell,seek,Next friend improve use purpose table.
73,focus,treatment,sometimes,Fill save that within offer future bed.
74,religious,position,wife,Owner officer agent room low could parent.
75,place,modern,agency,Close election gas member you down.
76,conference,space,far,Hotel score deal program paper.
77,per,relationship,employee,Play when continue far.
78,my,where,there,Pattern data our continue success tonight call.
79,way,two,citizen,Could ability poor education friend.
80,other,home,film,Nice idea keep sense system church sound cell.
81,baby,oil,make,Religious marriage suggest heart production always believe.
82,tell,option,color,Prevent day wall thank three including challenge former.
83,girl,buy,else,Vote nothing senior pressure.
84,fund,news,serve,Store protect operation mean.
85,last,movement,situation,Then international group really military.
86,Republican,worry,dinner,Billion change night since question throughout.
87,form,goal,maintain,Stuff blue late head serve would few treat.
88,including,difference,ability,Meeting continue huge almost concern many plant.
89,physical,popular,else,Sure next adult beautiful continue huge dark.
90,up,other,research,Build kid could feel ahead dream nor.
91,benefit,have,teach,Ability director once lose ask.
92,trip,feeling,tell,Paper employee worry just manager.
93,language,degree,fact,Believe without strong while.
94,young,quite,test,Recognize people morning final significant.
95,small,first,single,Difference expect radio some thing.
96,public,fire,above,Dark knowledge season when police born exactly style.
97,rather,situation,financial,Attorney start stop democratic challenge.
98,society,site,specific,Never necessary yes firm their director.
99,arrive,trial,analysis,Art newspaper ok sense.
100,major,class,cause,Ask within sit market must significant because quite.
101,skin,see,race,Accept worry story letter consider teacher close television.
102,protect,education,we,Another forget foreign stand industry son out.
103,goal,politics,third,Follow follow reality discuss national foreign.
104,opportunity,and,bed,War at old especially ground participant.
105,subject,however,especially,Skill contain spend wish safe.
106,trial,pressure,movie,Save among draw.
107,home,discover,well,Eat plan outside account wait current someone number.
108,sea,spend,sign,Either above read style level later.
109,run,magazine,article,Certainly between around itself ahead others sign.
110,image,management,key,His air four marriage to return.
111,share,city,treatment,Able yes officer program stage may through chance.
112,reason,leader,your,Build name mission walk item.
113,chance,fill,travel,Worry condition spend again yeah professional machine.
114,response,main,ten,Increase brother executive blood reflect piece.
115,traditional,evidence,economy,Challenge brother culture would.
116,magazine,under,end,Large model memory black course phone here situation.
117,while,church,probably,Plant others day experience alone.
118,voice,bad,face,Course often agency.
119,program,seven,employee,Election city with never right your education.
120,sign,use,safe,Ok at western meet stop say popular.
121,evening,clear,provide,West try time television Congress indicate.
122,senior,crime,move,Activity really cost away education.
123,be,couple,peace,Hard himself buy last enough.
124,cause,some,know,Brother including candidate two ago difficult visit.
125,amount,resource,of,Main though exactly.
126,world,himself,case,Early ball condition teacher defense yet cell.
127,in,head,let,Window mean small against popular up.
128,fund,democratic,heavy,Challenge focus president political hold direction less.
129,Democrat,get,everything,Live color weight.
130,seat,hospital,form,Test treat wear move individual.
131,I,bring,go,Police one be science.
132,sure,your,tough,Interest wait baby argue.
133,car,whole,either,Produce child produce tax.
134,answer,interest,much,Quality water table.
135,that,relate,painting,Sometimes trip not production.
136,growth,apply,sign,Sort recent food understand picture stuff.
137,treatment,good,season,And society know speech.
138,guy,reduce,bring,Daughter economy sound around professional anyone spend her.
139,establish,candidate,box,His increase yourself never appear we.
140,member,rich,town,Simple car before itself.
141,evidence,perform,even,Answer better nice player soldier bag.
142,black,where,trade,Purpose room our focus mean.
143,employee,wish,either,Buy will bed future.
144,in,subject,PM,Response gun energy way trade.
145,explain,dream,fire,Role price employee wear.
146,pressure,oil,arm,Be shoulder not time.
147,collection,audience,more,Key hear pay poor everything though company.
148,up,matter,operation,Expert pass here alone face.
149,rule,point,knowledge,Anyone gun four quickly require sure leave with.
150,live,hotel,man,Thousand air strategy admit finish.
151,remember,office,newspaper,Lay line impact quickly.
152,issue,new,cup,Attorney change consider put.
153,live,else,person,Sense home those past manage lose.
154,treatment,central,seat,Particular start half.
155,happy,his,list,State support late moment.
156,effort,chance,voice,Arm whose front student.
157,blue,such,night,Each really off perhaps.
158,entire,service,middle,Few involve painting teach candidate wrong.
159,first,power,management,Occur any minute pretty including cell.
160,through,few,Democrat,Size new will lot color end.
161,enough,according,participant,Teacher often career place seek cover.
162,since,alone,treatment,Half move fill.
163,detail,maintain,same,Who camera Democrat contain interview yourself evening.
164,case,white,event,Speech fire song speech.
165,level,worry,throw,Machine side office.
166,dinner,call,age,Analysis work player.
167,either,as,seat,Heavy everybody develop discuss.
168,always,all,soon,Anything with military help help.
169,positive,draw,size,Require shoulder decide herself hold understand party.
170,stop,figure,notice,As identify see draw three make.
171,decide,win,remain,Simply there establish raise ability.
172,throw,rich,senior,Bar staff remain center the simply.
173,impact,can,bed,Admit method usually expect class central message.
174,least,hit,young,Agent opportunity remember act create.
175,treat,seat,write,Cold just great.
176,ability,situation,no,Remember make course condition agree.
177,another,prepare,first,Top how let will.
178,born,chance,hair,Discover old single kind else life movie.
179,rate,win,hard,Knowledge require study require father.
180,court,alone,gas,Suffer fire drop its.
181,can,our,able,Gas mention thank provide cold someone.
182,enjoy,while,field,Evening morning game police visit church.
183,change,chance,arrive,Order simply push commercial.
184,detail,church,just,Agreement explain health itself option exactly office.
185,see,whether,stop,Personal for open last way home.
186,art,dinner,word,Will American try add.
187,season,number,more,Central new student floor law continue.
188,well,energy,force,Among can actually like know purpose.
189,environmental,positive,hour,East industry black tonight.
190,from,order,election,Nothing team energy system.
191,hold,yeah,price,Certain firm teacher.
192,job,while,establish,Offer at situation your lay.
193,since,receive,a,Table action parent.
194,drug,education,quality,Agreement nothing something kid increase physical.
195,audience,whether,war,Produce available program something improve.
196,federal,including,evidence,Personal everyone action worry.
197,goal,arm,true,Wrong you three.
198,tonight,land,reason,Situation blood admit general parent not election.
199,lot,audience,action,Fund career service green job almost customer.
200,sell,go,put,Away owner begin summer ok day anything.
