id,query,label,labeled_at
1,court,garden,prevent
2,final,project,just
3,pressure,design,behavior
4,ready,arrive,him
5,minute,watch,only
6,total,main,those
7,service,star,movie
8,open,campaign,technology
9,blood,fall,her
10,reason,lose,identify
11,next,low,seek
12,all,treat,adult
13,bag,involve,subject
14,rock,final,prepare
15,forget,card,television
16,who,alone,tend
17,possible,professional,among
18,onto,treatment,agency
19,debate,section,development
20,opportunity,should,very
21,character,situation,factor
22,week,third,the
23,this,impact,ago
24,letter,light,standard
25,dream,water,benefit
26,card,method,better
27,improve,kitchen,truth
28,edge,across,first
29,above,cost,respond
30,security,pattern,board
31,view,usually,ever
32,someone,until,seven
33,practice,first,agent
34,bad,remember,brother
35,painting,factor,tree
36,certainly,reason,car
37,week,good,set
38,far,enter,budget
39,red,most,study
40,data,everything,believe
41,practice,situation,receive
42,cover,bit,share
43,work,measure,lay
44,think,executive,ten
45,exist,step,wonder
46,say,more,wind
47,wear,social,certainly
48,hour,enjoy,matter
49,should,gun,explain
50,across,know,deal
51,feel,eye,morning
52,surface,nation,power
53,create,country,law
54,so,go,model
55,later,stock,blood
56,represent,arm,myself
57,system,whatever,miss
58,suffer,democratic,test
59,politics,money,while
60,officer,per,born
61,wind,blood,voice
62,none,service,air
63,family,field,report
64,program,him,cause
65,again,money,best
66,her,production,concern
67,page,prevent,section
68,adult,order,girl
69,left,decide,during
70,his,experience,maintain
71,history,song,detail
72,nation,letter,me
73,set,Mr,security
74,wife,move,environmental
75,rich,rate,card
76,college,make,future
77,if,purpose,sell
78,answer,own,ago
79,fund,enjoy,improve
80,fly,effort,without
81,sometimes,dark,range
82,sea,five,deep
83,throughout,adult,worker
84,night,situation,turn
85,direction,check,tree
86,strategy,at,sea
87,today,want,whatever
88,fill,can,across
89,church,agree,mother
90,anything,score,station
91,gun,suffer,our
92,knowledge,company,everyone
93,agree,student,citizen
94,action,baby,there
95,black,language,game
96,write,season,table
97,statement,debate,everyone
98,identify,word,option
99,administration,boy,turn
100,nothing,tough,that
101,religious,watch,growth
102,brother,always,like
103,investment,military,four
104,health,wrong,goal
105,lot,these,expert
106,all,dinner,month
107,class,health,all
108,time,term,push
109,better,coach,cell
110,million,improve,really
111,specific,watch,way
112,stop,country,morning
113,level,health,benefit
114,cultural,decide,bit
115,key,Mr,what
116,particular,account,international
117,blue,work,know
118,different,too,glass
119,poor,fast,friend
120,head,difficult,list
121,letter,special,ok
122,particularly,wait,allow
123,from,market,general
124,chair,trial,fine
125,cultural,spend,yourself
126,provide,whose,young
127,only,might,break
128,write,could,responsibility
129,beat,series,common
130,culture,yes,whether
131,near,often,service
132,find,debate,move
133,deep,say,case
134,need,whatever,yes
135,kitchen,democratic,month
136,subject,hundred,available
137,central,finish,maybe
138,near,soldier,adult
139,item,though,entire
140,responsibility,view,trade
141,poor,nation,young
142,piece,nation,new
143,strong,president,poor
144,pay,production,newspaper
145,will,like,need
146,nor,society,commercial
147,visit,term,figure
148,hit,themselves,exactly
149,exactly,rock,money
150,gun,hard,senior
151,view,team,them
152,today,own,senior
153,discover,between,wonder
154,throw,guy,continue
155,hundred,turn,themselves
156,chair,itself,fear
157,four,air,subject
158,design,everybody,country
159,hour,whom,very
160,spring,western,toward
161,risk,that,choice
162,visit,short,southern
163,ten,section,himself
164,drive,least,discover
165,rather,blood,instead
166,would,Mr,idea
167,choice,nothing,personal
168,military,network,impact
169,hour,rich,on
170,go,local,before
171,stuff,development,garden
172,give,side,west
173,information,standard,create
174,son,way,indicate
175,hear,wear,increase
176,Mrs,nation,evidence
177,dog,money,thing
178,single,employee,before
179,far,easy,pick
180,beat,international,wish
181,power,else,edge
182,along,all,interview
183,hair,evening,the
184,middle,though,plan
185,across,north,include
186,thought,recent,catch
187,believe,subject,sell
188,second,race,myself
189,chance,interesting,together
190,partner,friend,sort
191,direction,hear,put
192,central,race,show
193,value,dream,hot
194,change,TV,leg
195,cut,meeting,mother
196,list,lead,from
197,lawyer,produce,research
198,firm,weight,product
199,senior,information,three
200,hope,vote,reason
