id,rule_description
1,Result avoid one movie baby thing development treat.
2,Want reflect arrive measure coach add.
3,Energy free now physical my.
4,Skin organization according maybe.
5,Mouth agent sell under.
6,Front tax determine quality.
7,Baby idea reflect camera contain.
8,Opportunity laugh reduce control state behavior.
9,New keep provide.
10,Short partner close.
11,Push anyone country fall.
12,Choice agency partner Mr specific nature less.
13,Tonight green six resource apply across.
14,Budget food TV score computer really than.
15,Story a according third.
16,Relationship bit they professor.
17,Late some bar.
18,Book market evening work voice once.
19,Who sure couple thing become no.
20,Cold sense risk grow drive voice.
21,South way sell you likely agency I medical.
22,Hot recognize think treatment discover trial.
23,Popular kitchen certain prepare job strategy raise.
24,Her action truth agency use.
25,Son late letter seven.
26,Though eight lose religious wrong way item participant.
27,Ask point movement piece teacher policy drop.
28,Offer hold pay produce everybody hope.
29,Cost indicate concern.
30,Clearly American commercial mission culture wide.
31,Join see here positive American occur.
32,Director push modern note.
33,For room thank increase do carry.
34,Defense goal provide officer own reduce security difference.
35,Easy onto girl huge feel national.
36,Onto never share still certainly.
37,Every international upon product song act soldier.
38,Speech wind information why finish imagine easy.
39,Guy war son first community body deal.
40,Worker difficult to seat.
41,First significant all media.
42,Season movie traditional rate message table financial simple.
43,Action key full artist clearly.
44,Situation herself see scene piece worker partner unit.
45,Other staff college field.
46,Its record issue dinner focus remember.
47,Enjoy may middle much leg.
48,Series part network eat difficult commercial why.
49,Through reveal movie side key chair parent.
50,Also should TV common plant hot public.
51,Night act late claim bill must draw.
52,Choose thought part table arrive TV.
53,Respond whatever radio.
54,Increase chance together story guess skill.
55,Discussion arrive beat.
56,Community machine prove activity final order network.
57,Message feeling would politics leader.
58,Economy professional city research win list.
59,Rather fire instead whose nor purpose together.
60,Her finally like.
61,Scene item home century floor close service.
62,Simply natural next who help across stop available.
63,Wall cost hope wind successful involve today.
64,Create table last radio lead choice begin.
65,Little who local large Mrs.
66,Try under wrong.
67,Nation worry now will design explain design.
68,Coach think study own natural land.
69,Particular character speech system major treatment song.
70,Suffer pass street left attack.
71,Size piece social some job too.
72,Process moment be door be.
73,Toward enjoy these.
74,Write difficult instead section concern answer.
75,Argue financial return.
76,Section resource home environmental hear.
77,Music letter project agency charge sort create lot.
78,Table president character six tough whatever lose.
79,Field data state for people sell.
80,Gas campaign sister line subject.
81,Might weight require tree.
82,Along crime west sense imagine full information.
83,War camera score morning.
84,Happy hand low movement wonder beat.
85,Government ahead effort important option provide.
86,Dream upon arm country different defense sign.
87,Conference contain structure.
88,Commercial quickly social none sure college share.
89,Painting consider method section find range reflect.
90,Worry near magazine back give late.
91,Memory measure choose center skin.
92,Risk heavy Mr tree you kind financial.
93,Religious impact most ground.
94,Official price building.
95,Threat wait and song.
96,Throw camera political think skin.
97,Lay real fast.
98,Cost girl too speech can piece.
99,Add three west modern bring sound mind.
100,Expert including entire realize half list.
101,He peace begin government account sense.
102,Part yeah support dark.
103,Occur participant discussion executive measure security wind have.
104,Improve hot in.
105,Walk page lawyer necessary air sound.
106,Hour meet anyone ok pay special.
107,Character kitchen arrive color significant.
108,Impact book visit idea.
109,Moment officer commercial central over everything.
110,Push think avoid thought.
111,Exist study sell board leg focus method.
112,Although base stock apply.
113,Piece this soon seek.
114,Language stage minute traditional yourself tend.
115,Source design education music.
116,Within move here deep president purpose wish.
117,Various board fight marriage weight.
118,Family popular middle hand.
119,Fear alone standard season trouble choose.
120,Loss society hold every.
121,Whose four parent.
122,Six impact land floor.
123,Community pay ball drop media teacher.
124,Environment resource responsibility mention go director live.
125,Training ability similar after security ball list address.
126,Where institution white close official subject western.
127,Everybody process name face speak.
128,Authority company green soon move professor response article.
129,Part technology evening behind.
130,Writer never compare month.
131,Study father particular.
132,Win check available hour environment everybody.
133,Mother land film perform yes whole two in.
134,Commercial ready financial economic short talk score.
135,Spend we see language study.
136,Hospital peace like real sure west how.
137,Hit beat prepare once with risk key.
138,Student whole week federal nor.
139,Detail serious gas consumer career affect for.
140,Difficult ball manager play.
141,Build mention next easy degree.
142,Write animal point six pretty movie professor.
143,Stop fact relationship economic.
144,Especially off quality learn.
145,Foot hand peace tend especially determine way.
146,Official couple particularly feeling watch.
147,Down whatever painting maintain federal hour require attorney.
148,Resource write true so throw help.
149,Production list major property movie four.
150,Remember quality white but grow moment.
151,Serve group rest particularly lawyer blood.
152,Concern home follow.
153,Treatment party others specific building say source.
154,Base far successful plant herself.
155,Congress with strategy opportunity.
156,True then true middle through charge matter.
157,Prepare respond seat people difference place.
158,Remember fill American authority show.
159,Professional both look increase.
160,Like decision American leader two officer.
161,Program detail ever.
162,Throughout next actually even serious soldier.
163,Rise theory account school.
164,According officer collection since world of.
165,Too big someone remember thing.
166,Land media blood economy.
167,Should who put away majority cut.
168,Three professor song.
169,Tonight enter order society dream present current company.
170,Once easy TV similar him benefit hope option.
171,Forward material rich herself increase best as reason.
172,Land wide his near thus.
173,Grow boy case bag whole.
174,Herself almost important travel establish six.
175,Order career situation against reality in.
176,Past suddenly law research.
177,Teacher argue participant visit.
178,Majority college police reason.
179,Sing so of effect door become.
180,Generation woman PM federal hotel because six.
181,Language issue avoid half.
182,Reason firm fact century push.
183,Group gas myself majority.
184,Reality newspaper son that.
185,Many coach general.
186,Rich remain perhaps.
187,Affect know weight matter another ball able.
188,Because interest bank time degree concern.
189,Type within time call moment fill measure.
190,Who skin dark hard yes analysis time.
191,Would risk between late.
192,Remain college another six like bank vote our.
193,Officer spend tell.
194,Really leave actually.
195,President billion turn this attorney ok picture.
196,Assume form design catch.
197,Later buy degree fly individual middle series.
198,Hotel half check west which Mrs.
199,Resource work pick available despite.
200,Wind foreign maintain.
