id,user_id,subject,status,created_at
1,week,Old method beautiful behavior lay tough.,pending,let
2,about,Statement perform Democrat successful future current approach.,true,floor
3,time,Position next can become attorney hotel.,success,design
4,attorney,Production case PM technology.,false,amount
5,center,Writer fund improve may huge yet final.,pending,house
6,house,Keep help pass lose threat.,pending,generation
7,check,Night compare specific would itself public throughout.,pending,and
8,by,Available work likely world.,failed,let
9,significant,Her kid court fire care American stock.,pending,notice
10,these,Democratic beyond partner home.,success,may
11,until,Doctor rate serve.,active,too
12,point,Dog technology security real certainly account around hold.,true,your
13,during,Something approach exactly baby.,inactive,early
14,identify,Whether answer name stuff analysis raise.,false,fly
15,agreement,Team speech police truth as nor.,inactive,outside
16,both,Change exactly social stage church.,false,or
17,heavy,Point throughout fly throughout follow notice.,active,body
18,treat,Later product me college discover with.,false,send
19,medical,Reflect sport suffer smile week put.,true,once
20,would,Just another culture move across.,false,base
21,evening,Author sing four pattern seven thing.,failed,party
22,decision,Play computer degree particular specific fish plan.,failed,imagine
23,movement,Miss eye site movement box fall.,pending,hit
24,nation,Window democratic issue society standard list tell.,failed,still
25,order,Bar professional finally then together.,active,strong
26,keep,Kid listen hotel.,inactive,past
27,low,Him such vote star.,pending,along
28,instead,East where true walk power American.,false,since
29,officer,Time eat another red.,inactive,bill
30,court,Majority something stop section.,active,challenge
31,successful,Decision worry support southern relate bed street.,failed,garden
32,future,Behavior person consumer fall.,false,kind
33,draw,Help center research report.,false,stage
34,save,Food opportunity will continue better challenge answer.,success,our
35,avoid,Heart probably include us.,false,bed
36,miss,Give could probably training.,false,rather
37,every,Wide hundred major fill perform there boy.,pending,difficult
38,seat,Social measure reflect simple director simple.,failed,explain
39,necessary,Interview shake early possible war appear.,inactive,investment
40,indicate,Next large minute outside cold call sound.,true,source
41,page,Staff various if along system.,success,end
42,then,Oil figure meeting line what our else.,true,job
43,serve,Find public modern discussion it.,inactive,second
44,left,Out enjoy require dinner begin task maintain.,success,amount
45,authority,After security matter late within necessary.,pending,spring
46,bill,Scientist nearly head next ago.,pending,short
47,brother,Maintain talk teach mother try hit.,true,under
48,break,Collection western scene begin pass themselves.,active,job
49,maybe,Newspaper top foreign film significant.,false,realize
50,tax,Skill quality brother account likely.,failed,enter
51,policy,Finally without class bed ask along.,success,environmental
52,front,Learn beat sea policy home.,inactive,science
53,appear,Operation community law.,false,course
54,section,Special often wind phone character her we.,inactive,more
55,various,Parent fish animal radio ask return our.,success,feeling
56,yeah,What prevent agent break say.,inactive,about
57,PM,White day street number material building.,failed,sister
58,return,Value spend bar.,active,than
59,avoid,Available much live.,false,right
60,out,Early report identify away writer behind state.,false,human
61,buy,Relate spend voice sign evening whether.,true,successful
62,speak,Item base sure authority.,active,wife
63,perhaps,Explain study couple car us task democratic.,false,in
64,purpose,Recognize central throughout.,false,their
65,enter,Stand child yes conference.,pending,pick
66,thank,Business safe miss turn recently.,success,measure
67,buy,Model loss modern onto wonder explain.,false,mind
68,start,Nearly the effect ground production school tell.,true,sort
69,magazine,Might teacher then gas statement money.,failed,those
70,tell,Crime guy price election success life street.,success,election
71,form,When they many green now.,true,perform
72,billion,Size behavior president cup.,inactive,every
73,special,Wrong behavior some hit agreement.,pending,set
74,reflect,Bring bar interest policy particularly opportunity.,true,someone
75,special,Goal then year real political nor service.,success,mean
76,name,Keep eye international long sport most.,pending,pick
77,item,Eye also close dark may fear day common.,true,worry
78,industry,Us to though choose whom indicate school north.,active,lose
79,air,Stage might total over now mother church.,inactive,newspaper
80,even,Whatever yes such everyone fire.,pending,much
81,that,Push parent message across under report commercial.,failed,movement
82,even,Smile year effort.,pending,later
83,stock,Kitchen stock once recently detail brother ok likely.,inactive,PM
84,beat,Bank account pattern sometimes again glass.,active,each
85,bar,Term suffer memory book street rock suffer.,success,see
86,history,Born opportunity my.,active,choose
87,necessary,East spring stop national energy crime.,true,popular
88,have,Interest them total north debate discover figure.,success,environmental
89,brother,Imagine true though let.,inactive,prove
90,strategy,Money mind poor price listen.,success,ok
91,raise,Establish leave herself.,pending,Mrs
92,story,Drive paper federal manage near.,success,total
93,relate,Main everything next trade.,true,hit
94,visit,Party either we society nor hard.,inactive,role
95,modern,Chair professional include trip hear.,inactive,morning
96,form,Better vote by water more check forward build.,failed,watch
97,look,Yourself food trip thing event.,failed,bar
98,person,Crime parent old program.,pending,camera
99,beyond,Design consider look summer.,failed,decision
100,president,Become safe community office.,pending,receive
101,read,Pay behavior pick reach break.,pending,unit
102,and,Kind I political.,active,across
103,though,Decision her also professor ago.,active,whole
104,eat,Thousand price town eat.,inactive,mouth
105,management,Tax could career hit when available card.,pending,seat
106,young,Own series remain suggest too before information.,success,trip
107,own,Explain move reflect draw tonight main.,true,range
108,left,Professor camera close material impact.,active,executive
109,positive,Bad light energy beat project.,active,parent
110,yes,Give create education turn many material.,success,wife
111,economy,Series major board.,pending,fish
112,mind,Government main these blue mention research each.,true,base
113,certainly,Improve born pretty.,inactive,approach
114,something,Major make debate watch.,pending,act
115,smile,Quickly option choose stop type experience since region.,active,young
116,under,Space such over camera.,success,evidence
117,quality,Young with yard activity.,true,hear
118,natural,Your practice evidence its drug happy.,inactive,audience
119,deal,Guy individual interesting especially program.,active,carry
120,great,Black life range top later mother culture.,pending,figure
121,decide,Get need space day must attack.,inactive,treat
122,perform,Language star role office doctor.,pending,edge
123,alone,Miss as shake well leave.,false,method
124,positive,Current example continue care product pass everyone.,failed,citizen
125,develop,Include bank popular worker.,failed,keep
126,computer,Him rule leg population must.,false,kind
127,travel,Though gun energy class game.,pending,trouble
128,cause,Report after investment Republican feel evening sign figure.,false,remember
129,capital,Safe air music sure consider behavior.,pending,coach
130,commercial,Know take spend art black hospital.,active,Republican
131,all,Work nothing figure draw other.,pending,may
132,decade,Office art able.,failed,unit
133,together,Various there commercial someone event serve.,inactive,ready
134,scene,Hold force tough serious throughout.,pending,start
135,factor,Those see new marriage fall.,true,find
136,particular,Activity issue eat defense car will activity.,false,drug
137,particular,His these serve produce tough nation.,false,with
138,song,Wrong line time during.,pending,shake
139,expert,Discussion green between they data.,success,responsibility
140,benefit,Order understand level beyond open new table.,failed,fight
141,report,Air offer own trip measure boy.,pending,news
142,fund,Option decide hotel.,false,sort
143,Republican,Stop husband not fire.,active,go
144,director,Near pull daughter build scene number feeling.,success,worry
145,positive,Dream industry dream central impact.,inactive,way
146,may,Cold quickly responsibility area recent range none every.,success,order
147,individual,Old order window foreign.,true,information
148,mind,Son else money option wonder bit.,pending,later
149,move,Life develop certain yard people source process sort.,inactive,something
150,care,Here number office.,true,hair
151,could,Yourself life remember after among.,false,especially
152,impact,News world dark.,pending,simply
153,enough,Seek home former rich party of.,pending,husband
154,class,Nor western ground term management.,inactive,child
155,worker,Every away benefit public.,true,than
156,bar,Civil most indeed eight court positive.,failed,somebody
157,type,Nature explain young senior.,inactive,less
158,sound,Training short TV line far relate consider.,false,would
159,section,Prepare late beat act.,true,recently
160,song,Product until course throughout difficult really full.,pending,others
161,expert,Although quite movement last pass.,success,late
162,difficult,Fast Democrat white candidate join.,false,morning
163,training,New page ahead gun.,true,study
164,first,Focus much movement close hold.,failed,her
165,decide,Sell land dog arrive.,failed,check
166,lot,Behind or eat.,active,once
167,sister,Coach thought law population.,true,who
168,report,Fast society well.,true,guy
169,all,Require site sort hotel all.,pending,perform
170,positive,Huge physical matter current.,failed,feeling
171,theory,Court alone across Mr seat discover friend.,true,effect
172,record,Issue smile race allow clearly hot feel TV.,true,degree
173,rather,Mrs recent reach house my technology.,false,customer
174,Mr,Learn moment relate baby box she financial.,false,eye
175,during,To name plant practice.,pending,popular
176,opportunity,Include church understand world general.,inactive,hundred
177,usually,Change institution approach.,false,big
178,add,Final certain I.,active,upon
179,reveal,Statement yourself drop.,inactive,try
180,generation,Network week focus than meet nice.,success,center
181,series,North partner involve weight year upon.,true,else
182,man,Nation American remain every.,pending,person
183,seem,Address over lose if bar north method.,false,professor
184,way,Dinner someone movie become stage fall.,true,never
185,before,Exactly local try chair.,inactive,star
186,his,Wish clearly finally him year very apply.,true,spend
187,while,Modern side hundred become anyone personal bit.,success,write
188,cup,Each long budget media task condition same.,true,which
189,because,Subject air smile husband exactly although.,pending,heart
190,study,Leader PM discussion.,active,team
191,town,Black strategy ready top region recent inside.,failed,still
192,and,Toward thought treat wish still.,pending,account
193,different,Carry each environmental character remember.,inactive,likely
194,million,Wrong anything under three.,true,owner
195,religious,Character party particular above through exist decide.,failed,fine
196,ok,Wait him anyone benefit.,success,civil
197,appear,Study land write catch never trial continue.,failed,vote
198,between,Newspaper outside red alone ground east.,inactive,skill
199,fish,Really blue financial relate.,false,full
200,material,Hospital major financial.,failed,fish
