id,order_id,status,transaction_date
1,cause,active,2025-02-24T17:51:31
2,kid,false,2025-06-23T22:57:48
3,attention,success,2025-01-08T21:16:12
4,common,false,2025-02-26T12:36:06
5,with,pending,2025-04-25T21:05:16
6,site,failed,2025-04-10T16:57:42
7,poor,true,2025-01-30T07:36:56
8,same,false,2025-04-18T13:18:55
9,state,failed,2025-05-26T01:27:02
10,prevent,active,2025-05-09T16:23:25
11,determine,success,2025-07-19T09:01:10
12,consumer,success,2025-05-12T16:38:15
13,open,success,2025-03-30T07:17:18
14,heart,failed,2025-02-26T06:21:16
15,west,inactive,2025-02-27T18:10:45
16,boy,active,2025-06-10T23:34:58
17,any,pending,2025-06-27T20:10:32
18,issue,pending,2025-06-01T13:04:24
19,bad,false,2025-06-20T20:22:57
20,anything,active,2025-06-03T09:14:17
21,special,pending,2025-04-10T04:51:50
22,Democrat,success,2025-04-01T05:48:07
23,security,false,2025-06-30T02:51:47
24,defense,failed,2025-01-20T14:16:29
25,own,false,2025-01-27T03:31:06
26,listen,true,2025-06-01T18:30:19
27,travel,success,2025-03-14T12:01:41
28,none,false,2025-07-21T14:06:31
29,man,false,2025-03-10T10:44:35
30,decision,active,2025-02-12T07:07:10
31,different,true,2025-02-19T06:07:30
32,thousand,success,2025-05-25T06:14:37
33,pay,failed,2025-05-08T00:55:07
34,measure,inactive,2025-03-27T14:08:01
35,purpose,inactive,2025-02-27T06:06:05
36,always,failed,2025-05-25T18:01:36
37,instead,true,2025-01-20T02:40:22
38,director,active,2025-02-17T10:13:40
39,when,failed,2025-03-07T21:42:01
40,letter,inactive,2025-04-17T15:42:36
41,focus,failed,2025-02-02T07:32:08
42,total,success,2025-02-15T09:49:09
43,fight,inactive,2025-02-12T05:48:12
44,modern,inactive,2025-06-18T21:11:15
45,attention,false,2025-05-05T10:21:27
46,learn,success,2025-04-21T01:26:04
47,natural,false,2025-06-11T04:45:57
48,bank,true,2025-07-02T16:07:52
49,site,true,2025-03-25T23:35:35
50,statement,failed,2025-02-25T12:05:58
51,stay,active,2025-07-09T02:42:31
52,from,false,2025-07-17T00:33:45
53,laugh,inactive,2025-01-11T22:25:04
54,begin,true,2025-05-19T22:53:05
55,quite,success,2025-03-26T11:18:24
56,such,failed,2025-04-03T18:11:38
57,century,true,2025-05-09T17:33:03
58,explain,false,2025-04-01T22:03:50
59,time,active,2025-07-17T03:36:43
60,over,pending,2025-04-13T12:35:07
61,wall,false,2025-02-27T13:57:19
62,word,active,2025-03-01T23:05:32
63,school,success,2025-02-12T20:33:44
64,moment,failed,2025-04-17T19:52:40
65,story,success,2025-07-17T21:44:06
66,top,active,2025-04-25T17:17:08
67,director,pending,2025-06-03T13:30:41
68,skin,pending,2025-06-07T18:32:05
69,crime,success,2025-07-09T11:05:19
70,soldier,active,2025-05-25T06:00:03
71,man,failed,2025-01-06T13:19:20
72,himself,success,2025-07-15T08:04:48
73,response,pending,2025-04-26T06:58:06
74,wrong,success,2025-02-11T00:46:02
75,tonight,inactive,2025-05-18T14:31:10
76,baby,active,2025-06-16T15:10:03
77,husband,active,2025-04-28T14:12:32
78,agreement,active,2025-01-19T00:34:16
79,exactly,active,2025-02-24T05:01:18
80,early,failed,2025-05-17T22:13:23
81,bad,true,2025-04-09T04:16:08
82,add,pending,2025-02-09T06:31:32
83,use,success,2025-05-09T12:38:00
84,tough,active,2025-07-04T10:16:35
85,response,true,2025-02-13T18:49:27
86,last,false,2025-02-06T11:35:51
87,stand,active,2025-06-28T11:33:00
88,available,true,2025-06-17T20:17:49
89,goal,failed,2025-02-28T17:24:15
90,probably,true,2025-04-18T01:48:10
91,morning,active,2025-03-30T05:52:53
92,operation,true,2025-02-11T23:48:18
93,guess,pending,2025-02-05T06:29:13
94,what,failed,2025-07-16T11:00:58
95,great,inactive,2025-04-28T22:18:30
96,west,active,2025-06-16T06:54:41
97,turn,success,2025-01-15T09:02:40
98,poor,true,2025-02-26T22:25:39
99,position,pending,2025-02-19T08:58:17
100,raise,pending,2025-02-25T09:57:02
101,business,inactive,2025-04-05T08:55:48
102,offer,pending,2025-06-09T17:56:19
103,summer,pending,2025-03-01T23:24:16
104,professional,pending,2025-06-16T16:01:16
105,since,true,2025-03-11T16:38:19
106,wide,failed,2025-02-26T12:11:50
107,possible,failed,2025-02-19T17:10:45
108,activity,true,2025-02-18T05:07:53
109,give,pending,2025-05-27T03:59:08
110,situation,pending,2025-06-09T04:26:39
111,land,inactive,2025-07-19T01:28:37
112,since,false,2025-01-20T05:56:41
113,get,active,2025-02-02T21:51:36
114,information,pending,2025-06-18T11:47:53
115,rich,inactive,2025-06-20T05:58:55
116,style,success,2025-01-06T08:30:57
117,traditional,true,2025-05-07T18:57:27
118,establish,active,2025-07-17T02:12:22
119,moment,false,2025-07-21T17:09:18
120,data,success,2025-02-06T03:43:53
121,wife,success,2025-06-20T22:06:25
122,difference,failed,2025-05-26T07:01:51
123,number,pending,2025-04-28T10:55:20
124,improve,pending,2025-03-27T19:41:33
125,animal,success,2025-06-05T17:46:05
126,sport,failed,2025-06-04T14:38:56
127,edge,true,2025-01-08T21:36:44
128,yeah,failed,2025-02-20T08:15:32
129,parent,failed,2025-06-02T06:59:42
130,president,success,2025-04-11T20:24:10
131,career,pending,2025-01-31T12:32:56
132,country,inactive,2025-05-22T09:53:16
133,store,true,2025-06-09T09:41:05
134,talk,failed,2025-04-13T03:22:12
135,first,false,2025-06-22T19:05:33
136,off,inactive,2025-06-27T20:43:53
137,follow,pending,2025-03-11T14:53:59
138,debate,false,2025-03-17T18:28:06
139,form,inactive,2025-07-08T09:12:15
140,success,failed,2025-07-13T17:52:04
141,magazine,false,2025-04-21T08:25:35
142,remember,inactive,2025-04-16T09:44:00
143,point,false,2025-03-14T02:02:51
144,decade,pending,2025-03-09T21:27:01
145,foreign,failed,2025-02-27T07:57:34
146,administration,success,2025-01-31T17:42:23
147,behind,failed,2025-02-07T05:55:58
148,remember,active,2025-05-09T08:03:51
149,chair,false,2025-06-06T21:13:34
150,try,active,2025-04-28T20:30:01
151,citizen,success,2025-01-09T23:48:36
152,health,failed,2025-07-04T06:35:36
153,north,false,2025-06-03T11:35:05
154,PM,active,2025-03-13T18:31:38
155,everyone,true,2025-06-07T17:26:52
156,environmental,active,2025-07-19T23:34:05
157,song,true,2025-02-17T17:30:41
158,ready,inactive,2025-01-03T09:05:41
159,response,pending,2025-01-02T13:27:05
160,tonight,false,2025-02-20T20:40:06
161,material,false,2025-07-17T17:31:54
162,because,pending,2025-06-22T13:22:10
163,order,failed,2025-04-30T07:41:16
164,building,false,2025-05-27T14:32:05
165,hot,true,2025-05-16T05:56:51
166,else,active,2025-02-14T02:08:47
167,forget,true,2025-03-27T05:20:04
168,hope,inactive,2025-04-06T08:36:29
169,according,failed,2025-02-23T11:32:07
170,institution,active,2025-07-19T16:55:07
171,majority,true,2025-01-05T23:47:55
172,save,false,2025-02-26T01:54:11
173,cell,true,2025-05-05T08:23:24
174,various,active,2025-06-05T00:17:16
175,human,pending,2025-02-27T06:59:50
176,chance,inactive,2025-05-07T14:56:28
177,with,pending,2025-01-23T04:41:29
178,new,false,2025-01-30T20:03:23
179,lawyer,success,2025-05-11T12:45:49
180,should,inactive,2025-07-13T07:58:37
181,professional,true,2025-01-14T13:35:19
182,ask,true,2025-07-12T12:10:53
183,young,failed,2025-07-09T02:42:04
184,fall,inactive,2025-03-23T17:22:37
185,nothing,true,2025-05-24T01:04:06
186,seat,pending,2025-02-11T00:01:41
187,manage,pending,2025-05-11T20:07:22
188,try,pending,2025-01-31T03:00:34
189,anyone,true,2025-06-26T15:12:39
190,require,inactive,2025-04-10T11:17:34
191,current,failed,2025-01-23T00:03:43
192,charge,active,2025-04-24T23:05:54
193,thought,active,2025-02-17T10:10:42
194,there,failed,2025-04-13T23:48:50
195,product,inactive,2025-06-09T10:01:37
196,body,pending,2025-03-12T14:54:19
197,read,failed,2025-06-03T11:31:40
198,wind,true,2025-05-13T14:55:53
199,none,pending,2025-07-04T00:18:22
200,short,success,2025-04-14T05:28:28
