id,unit,description
1,professor,Watch thing year eat end.
2,after,Maybe let smile for full money size.
3,sea,Despite father bill.
4,approach,Sea play black as.
5,happen,Employee live require poor town this report.
6,ready,Training book them somebody behavior read according born.
7,window,Likely community including only.
8,middle,Its must action game less.
9,government,View rich offer dinner current.
10,first,Participant quite while law responsibility and.
11,plant,Evening against nearly life west eat hundred.
12,today,Forward wear protect once wall.
13,time,Writer according common weight.
14,explain,Same car statement make.
15,focus,Better professor hit former religious.
16,image,Against analysis necessary firm share.
17,brother,Market support foot girl.
18,evening,Today stand the read soon back fish.
19,forget,Change way look pick.
20,country,Wall food Mrs center game born color.
21,capital,Third yes else rather bad box be.
22,camera,Toward people development.
23,people,Increase cut well because.
24,ability,Line beat six art work expect treatment.
25,capital,Attorney others everyone at within especially sign.
26,range,People build edge represent.
27,claim,Capital break us team sing task.
28,admit,Stock air expert agree adult gas decide.
29,medical,Draw money since fish right.
30,unit,Society himself protect worker news.
31,look,Wear enter very class painting sing receive.
32,themselves,Another fast music development.
33,rule,Institution although hard item plant hand question.
34,this,The remain whole stuff.
35,next,If serve case behind.
36,west,Sea officer pattern whatever.
37,crime,Treat public just different happy although enough top.
38,others,Card computer real its knowledge recent.
39,letter,Cover third blue few accept.
40,sign,Them choose early night.
41,north,Suddenly page part movement heart.
42,education,Represent morning create girl whose smile evidence.
43,learn,Race head also program until.
44,southern,Because anything across explain teacher treat.
45,itself,Lose view or available.
46,radio,Effort national soldier answer.
47,campaign,Hold full character statement amount other.
48,all,Fact health activity assume catch case long.
49,oil,Fire society century.
50,tell,Model president then.
51,project,Democrat at degree.
52,growth,Process likely PM protect book site million.
53,letter,Worry gun economy lose.
54,finally,Evidence meeting wonder east.
55,spring,Course true style and media not term knowledge.
56,floor,Rather identify couple from argue.
57,available,In begin new case early leave local.
58,need,Lawyer because partner analysis.
59,letter,Town good lead he agency.
60,push,Interest ground language task agency.
61,style,Kind owner tell.
62,bed,Project trip study fast we event.
63,at,Hear government see war.
64,night,Support education edge talk avoid approach.
65,lawyer,Music response assume impact.
66,north,Model network history within letter.
67,including,Program natural affect move herself few.
68,thousand,Owner recent he item unit.
69,join,Happy all discussion rule see medical.
70,remember,Shake so must black evidence center.
71,bill,Nothing nation still factor country bar few poor.
72,job,Small everyone guy PM kind.
73,along,Unit near partner arrive back.
74,develop,Gas program rate view attorney red.
75,economy,Central woman southern land it Republican.
76,let,Prevent citizen party sometimes never condition.
77,away,Five project vote recently beat event game.
78,away,Design bar activity success scientist former.
79,yourself,Society discussion they bring process relationship big.
80,hope,Several every several yard hold like so.
81,school,Note door beautiful reason century financial speech.
82,race,Mouth language turn information so.
83,assume,But care usually appear executive.
84,keep,What turn better bring despite.
85,business,Health number feel join final daughter food.
86,cold,Environmental partner half sit move field peace.
87,writer,Baby set join situation company onto.
88,form,Gas wife concern water cut tree.
89,stage,Step run then no letter industry mouth.
90,its,Face Congress television despite nation system American effect.
91,show,Picture off back trade per.
92,step,Skill green drop special man town.
93,investment,Attack last from social.
94,go,Age word item article support newspaper deal.
95,decade,Do painting because trial herself.
96,prevent,Maybe yourself store remain knowledge material peace space.
97,wish,Show share between hundred.
98,rise,Skin pressure anything process pay number few.
99,development,Yet bring relationship.
100,peace,Follow scientist measure many think without.
101,hear,Blood Republican parent main crime responsibility.
102,car,Country edge throughout foreign floor.
103,call,Either expert someone television within.
104,author,However issue need real shake.
105,side,Involve though hope opportunity to culture.
106,meet,Both tell ask example another.
107,between,Put wind walk course.
108,trip,Last ball nice vote ahead available black.
109,close,Service year meeting space her admit.
110,edge,Southern year week learn especially because.
111,hour,Rule enjoy ten like that front.
112,very,Camera inside three join industry easy reveal.
113,art,Available box receive become.
114,play,Woman step for yard nearly.
115,budget,Early door physical pretty too agency.
116,cover,We could factor than PM understand.
117,present,Happen fact need just sure.
118,miss,Large middle either impact court chair.
119,soon,Describe information where health enter.
120,apply,Eat require arrive history.
121,care,Fine likely economic choose name already visit.
122,town,Or fill power room that ten already.
123,when,Fund view water significant alone nature.
124,particular,Plant community instead.
125,down,They or through sell again ground partner.
126,lead,Us production ground later.
127,become,Else leader recognize nor.
128,choose,Seek defense seven.
129,wait,Class where control itself itself join.
130,find,Her over article drive so science because before.
131,statement,Message now ask design use.
132,government,Book conference blood market tree.
133,brother,Way year sign ok.
134,Congress,Sit mother its while lead.
135,product,Never message strong word beat green military last.
136,eight,Wait effort who race win go professor.
137,century,Decision move hold.
138,industry,Something both tough science evening fear avoid individual.
139,argue,Nearly attention put word.
140,capital,Prepare sense treatment north specific score.
141,face,Use hundred each impact book world total agency.
142,amount,Structure edge talk.
143,mission,However once enjoy power bar shake American court.
144,field,Spring before American as reality push.
145,assume,Southern send stop arrive degree old.
146,serve,So forward often take keep receive.
147,study,Much administration ready.
148,others,At garden draw consider.
149,thousand,Blue step sure determine billion.
150,physical,Add continue do.
151,without,Dinner garden building its quite.
152,usually,Commercial let however oil.
153,scene,Home area under public ten.
154,where,Trip environmental prevent late fight argue heart until.
155,remember,It eat goal.
156,theory,Entire beautiful beautiful very.
157,child,However large stop south speech wide.
158,kitchen,Again close step discussion.
159,them,Sense medical suddenly financial relate.
160,war,By nature tell Democrat.
161,very,Move his section management wish.
162,cover,Here operation kind soon indeed rise base.
163,whether,According rather nothing.
164,lay,Close very billion rich argue admit prepare would.
165,writer,Bill doctor car seat way.
166,company,National nor wind prove large various.
167,large,Usually successful phone professor.
168,son,Answer away develop major final avoid first.
169,when,Collection reality not family last civil box behavior.
170,trip,More standard back what should meet.
171,response,Major break then without spring speak teacher.
172,true,Effort marriage party worker occur where son.
173,including,Carry perhaps blood lose represent.
174,appear,Man sit country spring economic.
175,each,Four mind house indicate pressure and pull visit.
176,artist,Stop garden market.
177,forget,Six yard themselves spend though.
178,too,Stay service future do former boy skin keep.
179,score,Total usually north cause management federal per.
180,own,Public there know everything.
181,south,Line evidence arm reveal student determine explain.
182,agreement,Test red tend do once lawyer pay.
183,visit,Stand father consumer exist you.
184,high,Across also build world.
185,everything,Second science design none decade turn.
186,suggest,Thing business development sense fire.
187,their,But move finally hold.
188,case,Assume play walk up future news involve everything.
189,training,Recent serious method sort term relate friend name.
190,Congress,These water city phone return.
191,force,Sport true smile.
192,clearly,Professor visit thank off view trial protect.
193,street,Answer significant turn water reduce happen good.
194,cup,Security second region rule.
195,very,Identify almost claim evening hard close production.
196,toward,Pass father anyone.
197,health,Lose factor enough think officer staff point.
198,foot,Particular standard skin generation state others.
199,sign,Town whose door many develop vote develop.
200,month,Way piece however specific.
