id,user_id,name,address,phone
1,get,Alexander Simpson,suffer,+1-423-937-6063x2892
2,price,Allen White,media,+1-512-593-8977
3,win,Mark Bowman,television,288-311-0164x546
4,become,Wanda Patrick,star,001-234-372-0744x318
5,its,Janet Burnett,attack,(806)890-9521
6,clear,Robert Leonard,financial,3069912449
7,fund,Kyle Lee,approach,001-974-340-0820
8,another,Leah Johnson,protect,945.988.1126x112
9,free,Robert Thomas,third,(239)891-5213x24890
10,always,Lindsey Harris,step,+1-480-846-6992x281
11,process,Terri Villa,wife,001-551-477-6403x30468
12,represent,Deborah Peck,think,403-216-4366x4537
13,enter,Patricia Hess,few,+1-408-627-8936x1441
14,information,Eric Ewing,so,(764)425-6535x442
15,decade,Lisa Massey,senior,583-370-8405x9862
16,happen,Michele Potter,on,6688982866
17,necessary,Daniel Rivera,their,605-945-6090
18,suddenly,Russell Smith,the,203-933-9344x826
19,require,Shawn Harris,receive,+1-939-414-3179
20,thank,Jason Shah,must,001-487-482-6824x4151
21,can,Jared Terry,bring,422-659-6768
22,free,Michael Bailey,federal,001-410-728-1332
23,government,James Mora,fast,001-285-298-1252
24,home,Nicholas Phillips,support,(800)866-1497x8241
25,American,Philip Harris,animal,606.478.8400x284
26,reflect,Michael Daniels,environment,864-563-2218
27,record,Janice Rose,fill,+1-547-647-9893
28,player,John Hughes,truth,+1-543-928-0981x62942
29,machine,John Wright,else,(994)640-6320
30,executive,Austin Martin,box,4677187707
31,wind,Mrs. Dawn Guerra,natural,291.997.9761x6656
32,from,Ann Singh,especially,+1-987-613-4024x53974
33,wear,Amanda Allen,remain,(868)989-2580x1412
34,make,Jason Espinoza,movie,309.735.5454x1486
35,although,Heather Ramos,Democrat,306.415.1450x22060
36,across,Samuel Wagner,positive,001-744-749-4790x075
37,old,Elizabeth Lewis,marriage,821.567.1813x2892
38,imagine,Bridget Henson,no,001-416-765-9001
39,rock,Kimberly Gates,wall,5536275179
40,ability,Cheryl Martinez,different,(961)446-3737
41,research,David Anderson,public,+1-252-604-3074x79958
42,seek,Kelly Owens,range,881-550-1726x16241
43,nation,Alan Robbins,would,3676108127
44,support,Melissa Martinez,section,690-434-9593x082
45,able,Christopher Long,marriage,(762)297-3435x1186
46,if,Walter Peterson,tax,9828315337
47,power,Kevin Munoz,situation,001-626-484-1425x043
48,room,Charles Wright,left,699.355.5161x49552
49,scene,Jessica Vazquez,assume,573-565-5242
50,story,Kimberly Townsend,hot,(537)372-6278
51,reveal,Lisa Henderson,decade,5036611918
52,law,Amber Chandler,out,254.360.5836x773
53,not,Janice Cain,family,2164595654
54,politics,Adam Lucas,vote,790.240.8532x310
55,parent,Zachary Dennis,late,326-745-4201x64643
56,later,John Smith,fire,374.845.7124x6560
57,reduce,Logan Patel,short,+1-967-501-6409x46638
58,left,Angelica Ochoa,issue,001-221-297-4900
59,better,Thomas Hunter,project,792.833.7930
60,cup,Brett Archer,sport,001-458-604-1360x5302
61,memory,Mark Ray,magazine,9069872044
62,expect,Casey Williams,gas,+1-693-906-6092x1462
63,fact,Ruben Blackwell,charge,(958)362-0756
64,miss,Michael Bailey,week,323-233-8461x842
65,civil,Jo Bell,send,(663)602-9318
66,film,Rachel Mcbride,strategy,206-217-5759x703
67,find,Carlos Yu,director,+1-749-503-8218x0907
68,beautiful,Angela Porter,business,(800)765-8259x49023
69,notice,Xavier Mitchell,order,(721)914-6188x683
70,nor,Jesse Alexander,practice,001-496-236-0192
71,might,Zachary Delgado,example,2828925726
72,drive,Gregory Grant,animal,649-806-9654x937
73,this,Kelly Davis,discuss,952.728.7649x009
74,whose,Brian Hernandez,many,001-886-561-4034x64814
75,cover,Sherry Miller,believe,5235744517
76,girl,Michael Hansen,allow,728-935-6914x0014
77,line,Patrick Griffith,she,516-797-6246
78,run,Mrs. Kathryn Brown,national,(404)930-4717
79,generation,Isabella Mosley,professor,609.913.8972x52312
80,indicate,Courtney Joseph,street,328-504-4745
81,identify,Dawn Munoz,before,561.925.6521
82,cause,Kelly Weber,attorney,001-316-205-6795x0844
83,within,Ashley Hall,who,+1-943-689-8665
84,unit,Anthony Robbins,yard,(394)362-0343
85,early,Luke Meadows,suggest,001-999-994-2157x9258
86,determine,Lisa Watts,include,3133514438
87,include,Brendan Romero,system,9168737033
88,third,Christine Phillips,wall,(939)350-0135x38518
89,writer,Caitlin Reyes,eight,(479)461-6437x608
90,detail,Eric Murphy,field,772.380.0888
91,of,Tony Thompson,decision,+1-887-394-1513x1146
92,edge,Connor Graham,more,7333598397
93,buy,Susan Clark,mention,229.404.5208
94,behind,Brandon Warner,its,512-870-4977x080
95,must,Jennifer Graham,success,(275)554-6629x036
96,situation,Maria Williams,laugh,001-944-778-7642x13589
97,teach,Elizabeth Mccall,garden,401.530.1789x5708
98,training,Stephen Elliott,alone,671-236-3117
99,always,Amanda Jordan,imagine,486-365-3949
100,effect,Toni Jones,sure,7204903395
101,yes,Steven Kline,war,922-872-9691x8842
102,build,Karen Dixon,professional,961.847.9530x8854
103,finally,Sherry Meyer,rest,(277)482-7419
104,three,Mary Anderson,TV,675-314-3658
105,walk,Zachary Hill,defense,556.685.7110x721
106,discover,Ryan Gross,week,586-295-0344x74651
107,none,Keith Waters,quickly,815-909-8957
108,where,Bradley Ortiz,current,001-430-707-8860
109,brother,Ashley Kaiser,second,(998)633-4493
110,letter,Kyle Molina,sell,587.725.2291
111,while,Stephanie King,improve,5974235259
112,probably,Adam Davis,want,(936)899-7649x57520
113,glass,Joshua Cisneros,station,(333)792-6134x6636
114,Mrs,Kara Boyle,sister,903.957.9494
115,tough,Patricia Black,degree,001-740-687-8880x536
116,community,Charles Medina,light,857.746.9094x248
117,own,Andrea Stevens,significant,6745768755
118,year,Mr. Christopher Gonzales MD,full,217-431-2608
119,dinner,Lisa Myers,staff,(727)955-7642
120,explain,Mrs. Linda Mann,site,655-587-0735
121,type,Jill Alvarez,identify,465.805.5304
122,than,Thomas Holt,image,4027065809
123,first,Samantha Wright,product,(433)477-2449x96698
124,important,Natasha Harvey,off,635-861-7236
125,successful,Richard Ross,stand,840.920.9065x14234
126,may,Ashley Bond,body,645-585-5256x94711
127,box,Audrey Potts,majority,422-327-4243x8569
128,better,Terri Lewis,personal,626-766-6121x9934
129,teach,Michael Dunlap,management,249-750-8640
130,know,Kim Arnold,along,001-312-437-5044x16962
131,question,Rebecca Burgess,southern,(746)416-1963x12829
132,about,Jeremy Boone,test,769.847.4940
133,consider,David Keith,high,001-548-210-4146x944
134,later,Jason Warner,experience,719.756.4707
135,prevent,Timothy Jordan,why,230-783-7533
136,weight,Daniel Ruiz,shoulder,+1-738-778-9135
137,theory,Nicole Hughes,product,541-379-6240
138,water,Zachary Long,writer,001-563-325-3741x6079
139,accept,Misty Harmon,product,(723)573-6035
140,east,Johnathan Watson,free,001-335-664-9996
141,heavy,Patrick Hernandez,sport,(579)434-5634x880
142,rate,Dustin Holder,upon,001-865-921-8833x1789
143,plant,Lindsey Russell,pick,329.632.5304
144,rock,Kelly Jones,although,356-760-2225x9539
145,tell,Teresa Best,goal,591-252-1416x3813
146,attack,Robert Marshall,his,001-370-594-5105x3290
147,get,Lindsey Patel,own,792.354.9551x22461
148,where,Christine Cline,moment,499-977-6069x7840
149,loss,Brian Gray,your,239.559.3521
150,hear,Kimberly Crawford,hair,584-444-4599x825
151,statement,Patricia Martinez,sort,001-223-250-7885x3309
152,administration,Steven Schwartz,partner,(408)748-2561
153,two,Michael Keller,own,4864197636
154,top,Adam Schroeder,home,+1-922-963-7378x439
155,because,Blake Ramirez II,great,(407)958-7971
156,now,Adam Gibson,artist,001-995-819-5210
157,law,Dustin Fritz,story,435.818.7238
158,author,Bryan Morton,something,(323)260-0426x1434
159,almost,Shannon Logan,especially,499.871.9721x961
160,owner,Catherine Taylor,pick,+1-916-488-2940x338
161,will,Gregory Chavez,score,001-889-295-5343
162,if,Kevin Maldonado,citizen,347.508.6724x15093
163,message,Blake Howell,good,001-917-836-0843x225
164,I,Brian Acosta,garden,001-330-668-8721x3806
165,control,Deanna Watts,miss,(306)437-7564
166,ten,Kristi Gardner,minute,(546)723-8853x88329
167,within,Haley Knight,must,743.517.5758x14749
168,mouth,Megan Powers,moment,001-315-500-7131x520
169,check,Timothy Greene,style,982-608-5165x50204
170,environmental,Steven Freeman,organization,212-862-3896
171,total,Laura Wilkins,money,844.792.3224x300
172,subject,Mrs. Lisa Klein,thing,001-781-235-5193
173,question,Jordan Johns,material,+1-246-992-2872x043
174,girl,Linda Wise MD,laugh,001-716-364-5026x07508
175,chance,Dr. Daniel Harris,radio,(753)724-3128x21397
176,bag,Dana Robinson,very,342.359.4198
177,back,James Taylor,get,679.475.5511
178,she,Michael Harrison,season,427-688-0042
179,million,Sergio Jackson,economic,635.472.3749x29157
180,different,Jade Cole,artist,7149320043
181,near,Arthur Moran,type,972-796-1524
182,too,Thomas Peters,hard,980-218-7046x9623
183,bad,Dennis Parker,room,611.896.7068x513
184,listen,Theresa Quinn,religious,(391)353-6668x3873
185,just,Sarah Schneider,national,477.630.5893x090
186,already,Lisa Lee,church,996.972.6913
187,trip,Mindy Moore,sense,325-669-6754x0688
188,property,Mary Anderson DVM,data,001-296-848-5705x691
189,join,Jeffrey Garcia,indeed,7675766100
190,serve,Ashley Baker,likely,612.889.9519x5756
191,piece,Darryl Montoya,entire,(686)976-8610
192,source,Don Graham,property,2245081173
193,ahead,Jason Mueller,yard,+1-829-333-6804x767
194,lawyer,Melinda Holmes,least,+1-553-869-3012x88206
195,visit,Robert Travis,keep,(416)278-8186x998
196,brother,William Brooks,allow,001-614-946-3793x30364
197,pressure,Nicole Thomas,present,737.758.9742x403
198,agreement,John Grant,understand,630.642.1334x1651
199,development,Beverly Figueroa,space,(854)568-9527
200,describe,Tyler Warren,paper,912.723.3486
