id,user_id,created_at
1,station,six
2,store,red
3,newspaper,trial
4,rate,whatever
5,human,system
6,itself,air
7,young,customer
8,board,up
9,tax,return
10,take,campaign
11,note,morning
12,out,good
13,name,person
14,capital,she
15,American,marriage
16,sign,result
17,treat,style
18,good,shake
19,staff,world
20,shake,group
21,religious,those
22,style,draw
23,education,then
24,happy,specific
25,evidence,food
26,couple,his
27,indicate,structure
28,final,fall
29,grow,sell
30,peace,create
31,guy,collection
32,keep,would
33,growth,can
34,employee,send
35,power,degree
36,population,crime
37,wonder,whom
38,apply,way
39,magazine,now
40,set,effect
41,mouth,but
42,special,high
43,medical,bring
44,significant,me
45,society,sit
46,style,church
47,suggest,crime
48,organization,else
49,hotel,too
50,player,instead
51,actually,wide
52,deal,final
53,pay,present
54,stage,special
55,every,listen
56,spend,field
57,couple,water
58,tend,couple
59,win,discussion
60,realize,call
61,strong,operation
62,impact,manage
63,than,call
64,beat,series
65,stop,rest
66,amount,task
67,although,success
68,scene,letter
69,money,determine
70,all,itself
71,director,that
72,purpose,affect
73,do,worker
74,according,this
75,adult,study
76,special,PM
77,factor,activity
78,similar,treat
79,evening,such
80,through,wide
81,job,despite
82,trial,again
83,level,us
84,bed,case
85,maintain,herself
86,ability,to
87,law,very
88,through,total
89,country,food
90,make,why
91,agent,often
92,push,them
93,administration,consider
94,style,year
95,run,those
96,model,task
97,each,trouble
98,situation,low
99,off,around
100,dark,too
101,full,particular
102,close,let
103,positive,the
104,have,cause
105,place,bank
106,need,time
107,always,purpose
108,song,build
109,Democrat,base
110,range,different
111,less,current
112,former,begin
113,sense,natural
114,middle,moment
115,line,certain
116,rule,section
117,operation,eye
118,son,time
119,well,pick
120,consumer,feeling
121,military,suggest
122,car,performance
123,add,century
124,pay,pay
125,direction,other
126,issue,front
127,avoid,station
128,leave,activity
129,week,would
130,understand,evidence
131,trip,produce
132,blue,culture
133,situation,change
134,southern,seven
135,quality,account
136,popular,threat
137,world,meet
138,worker,become
139,class,data
140,first,occur
141,degree,theory
142,customer,phone
143,that,key
144,would,feeling
145,tree,sure
146,morning,population
147,figure,wonder
148,say,action
149,four,eye
150,score,never
151,respond,half
152,skill,happy
153,two,crime
154,customer,clearly
155,include,for
156,represent,accept
157,I,sport
158,image,near
159,whether,his
160,event,left
161,example,interview
162,set,idea
163,material,range
164,your,sign
165,current,science
166,week,down
167,quality,thus
168,commercial,especially
169,knowledge,success
170,manager,them
171,produce,kind
172,finally,bar
173,shoulder,whom
174,same,inside
175,never,rise
176,far,picture
177,certainly,night
178,special,chair
179,the,service
180,upon,also
181,back,best
182,conference,clear
183,last,size
184,participant,bad
185,send,employee
186,purpose,approach
187,stop,go
188,production,natural
189,month,business
190,administration,type
191,mouth,matter
192,fund,simply
193,site,quite
194,Mr,stand
195,should,though
196,meet,feel
197,difference,near
198,own,direction
199,size,wide
200,popular,happen
