id,wishlist_id,product_id
1,conference,report
2,responsibility,sister
3,sing,shoulder
4,again,nation
5,position,point
6,serious,hundred
7,task,large
8,while,front
9,budget,range
10,matter,reality
11,might,produce
12,former,theory
13,style,five
14,wear,serve
15,art,and
16,second,everything
17,determine,determine
18,admit,television
19,brother,account
20,debate,ago
21,education,include
22,husband,heavy
23,none,expect
24,economic,day
25,data,box
26,because,quite
27,answer,north
28,old,week
29,question,wear
30,action,vote
31,southern,relate
32,huge,institution
33,ground,together
34,deep,sure
35,mother,environment
36,condition,provide
37,teacher,field
38,no,energy
39,religious,nearly
40,from,size
41,dog,reflect
42,set,box
43,center,standard
44,establish,wonder
45,animal,learn
46,seat,plan
47,successful,speak
48,only,bill
49,cold,cup
50,executive,fish
51,eat,popular
52,mind,start
53,could,face
54,investment,wrong
55,civil,professor
56,large,election
57,market,such
58,positive,so
59,hear,right
60,price,any
61,anything,wonder
62,education,answer
63,manager,visit
64,our,chair
65,finally,right
66,everything,away
67,now,program
68,thousand,great
69,property,sense
70,project,itself
71,focus,green
72,data,consider
73,child,situation
74,democratic,thing
75,entire,trouble
76,out,personal
77,inside,impact
78,director,wait
79,front,follow
80,receive,top
81,term,early
82,treat,old
83,model,executive
84,guess,personal
85,feel,listen
86,alone,research
87,employee,according
88,most,body
89,reason,claim
90,subject,left
91,religious,to
92,wind,west
93,matter,address
94,team,husband
95,until,effect
96,hand,amount
97,same,receive
98,floor,now
99,next,very
100,system,because
101,attorney,take
102,suffer,all
103,care,image
104,event,today
105,most,subject
106,writer,sound
107,start,we
108,pick,clear
109,skin,agency
110,now,assume
111,make,best
112,always,pretty
113,scientist,west
114,office,mother
115,wife,before
116,develop,accept
117,serious,station
118,central,bank
119,office,green
120,parent,suggest
121,lose,life
122,above,performance
123,operation,see
124,military,role
125,city,bad
126,agreement,wide
127,everybody,green
128,where,once
129,yourself,in
130,whom,capital
131,begin,site
132,message,card
133,help,relate
134,themselves,public
135,physical,election
136,out,recent
137,long,painting
138,news,cause
139,across,conference
140,when,condition
141,method,herself
142,generation,special
143,woman,behind
144,guy,cover
145,black,window
146,art,toward
147,best,test
148,plant,on
149,certain,this
150,own,long
151,interest,instead
152,player,add
153,make,mother
154,matter,hour
155,arrive,on
156,throughout,production
157,college,collection
158,natural,prove
159,outside,yes
160,individual,eight
161,drive,economy
162,form,major
163,bar,cup
164,answer,scientist
165,kind,idea
166,hand,quickly
167,our,finally
168,specific,than
169,themselves,town
170,view,manage
171,thing,must
172,shoulder,occur
173,page,program
174,notice,surface
175,begin,boy
176,bank,information
177,probably,space
178,send,visit
179,his,dog
180,yes,power
181,answer,easy
182,figure,per
183,why,assume
184,ball,market
185,your,least
186,listen,system
187,camera,foot
188,camera,quite
189,soldier,trouble
190,deep,protect
191,wife,rather
192,employee,stage
193,contain,he
194,else,economic
195,system,prove
196,institution,finally
197,discussion,position
198,choice,player
199,production,factor
200,brother,economic
